2026-07-07 09:25:48,434 [INFO] __main__: Запуск бота...
2026-07-07 09:25:49,642 [INFO] __main__: Бот запущен, начинаем polling
2026-07-07 09:25:50,300 [INFO] httpx: HTTP Request: POST https://api.telegram.org/bot8882909267:AAFbTb_H_2j8XFn43eUHUWrx6oXpqFZoSwE/getMe "HTTP/1.1 200 OK"
2026-07-07 09:25:50,349 [INFO] httpx: HTTP Request: POST https://api.telegram.org/bot8882909267:AAFbTb_H_2j8XFn43eUHUWrx6oXpqFZoSwE/deleteWebhook "HTTP/1.1 200 OK"
2026-07-07 09:25:50,354 [INFO] telegram.ext.Application: Application started
2026-07-07 09:26:00,549 [INFO] httpx: HTTP Request: POST https://api.telegram.org/bot8882909267:AAFbTb_H_2j8XFn43eUHUWrx6oXpqFZoSwE/getUpdates "HTTP/1.1 200 OK"
2026-07-07 09:26:10,741 [INFO] httpx: HTTP Request: POST https://api.telegram.org/bot8882909267:AAFbTb_H_2j8XFn43eUHUWrx6oXpqFZoSwE/getUpdates "HTTP/1.1 200 OK"
2026-07-07 09:26:20,877 [INFO] httpx: HTTP Request: POST https://api.telegram.org/bot8882909267:AAFbTb_H_2j8XFn43eUHUWrx6oXpqFZoSwE/getUpdates "HTTP/1.1 200 OK"
2026-07-07 09:26:31,026 [INFO] httpx: HTTP Request: POST https://api.telegram.org/bot8882909267:AAFbTb_H_2j8XFn43eUHUWrx6oXpqFZoSwE/getUpdates "HTTP/1.1 200 OK"
2026-07-07 09:26:41,154 [INFO] httpx: HTTP Request: POST https://api.telegram.org/bot8882909267:AAFbTb_H_2j8XFn43eUHUWrx6oXpqFZoSwE/getUpdates "HTTP/1.1 200 OK"
2026-07-07 09:26:51,205 [INFO] httpx: HTTP Request: POST https://api.telegram.org/bot8882909267:AAFbTb_H_2j8XFn43eUHUWrx6oXpqFZoSwE/getUpdates "HTTP/1.1 200 OK"
2026-07-07 09:27:01,327 [INFO] httpx: HTTP Request: POST https://api.telegram.org/bot8882909267:AAFbTb_H_2j8XFn43eUHUWrx6oXpqFZoSwE/getUpdates "HTTP/1.1 200 OK"
2026-07-07 09:27:11,390 [INFO] httpx: HTTP Request: POST https://api.telegram.org/bot8882909267:AAFbTb_H_2j8XFn43eUHUWrx6oXpqFZoSwE/getUpdates "HTTP/1.1 200 OK"
2026-07-07 09:27:21,501 [INFO] httpx: HTTP Request: POST https://api.telegram.org/bot8882909267:AAFbTb_H_2j8XFn43eUHUWrx6oXpqFZoSwE/getUpdates "HTTP/1.1 200 OK"
2026-07-07 09:27:31,555 [INFO] httpx: HTTP Request: POST https://api.telegram.org/bot8882909267:AAFbTb_H_2j8XFn43eUHUWrx6oXpqFZoSwE/getUpdates "HTTP/1.1 200 OK"
2026-07-07 09:27:41,679 [INFO] httpx: HTTP Request: POST https://api.telegram.org/bot8882909267:AAFbTb_H_2j8XFn43eUHUWrx6oXpqFZoSwE/getUpdates "HTTP/1.1 200 OK"
2026-07-07 09:27:51,819 [INFO] httpx: HTTP Request: POST https://api.telegram.org/bot8882909267:AAFbTb_H_2j8XFn43eUHUWrx6oXpqFZoSwE/getUpdates "HTTP/1.1 200 OK"
2026-07-07 09:28:01,953 [INFO] httpx: HTTP Request: POST https://api.telegram.org/bot8882909267:AAFbTb_H_2j8XFn43eUHUWrx6oXpqFZoSwE/getUpdates "HTTP/1.1 200 OK"
2026-07-07 09:28:12,026 [INFO] httpx: HTTP Request: POST https://api.telegram.org/bot8882909267:AAFbTb_H_2j8XFn43eUHUWrx6oXpqFZoSwE/getUpdates "HTTP/1.1 200 OK"
2026-07-07 09:28:22,230 [INFO] httpx: HTTP Request: POST https://api.telegram.org/bot8882909267:AAFbTb_H_2j8XFn43eUHUWrx6oXpqFZoSwE/getUpdates "HTTP/1.1 200 OK"
2026-07-07 09:28:32,368 [INFO] httpx: HTTP Request: POST https://api.telegram.org/bot8882909267:AAFbTb_H_2j8XFn43eUHUWrx6oXpqFZoSwE/getUpdates "HTTP/1.1 200 OK"
2026-07-07 09:28:42,506 [INFO] httpx: HTTP Request: POST https://api.telegram.org/bot8882909267:AAFbTb_H_2j8XFn43eUHUWrx6oXpqFZoSwE/getUpdates "HTTP/1.1 200 OK"
2026-07-07 09:28:52,646 [INFO] httpx: HTTP Request: POST https://api.telegram.org/bot8882909267:AAFbTb_H_2j8XFn43eUHUWrx6oXpqFZoSwE/getUpdates "HTTP/1.1 200 OK"
2026-07-07 09:29:02,786 [INFO] httpx: HTTP Request: POST https://api.telegram.org/bot8882909267:AAFbTb_H_2j8XFn43eUHUWrx6oXpqFZoSwE/getUpdates "HTTP/1.1 200 OK"
2026-07-07 09:29:12,924 [INFO] httpx: HTTP Request: POST https://api.telegram.org/bot8882909267:AAFbTb_H_2j8XFn43eUHUWrx6oXpqFZoSwE/getUpdates "HTTP/1.1 200 OK"
2026-07-07 09:29:23,061 [INFO] httpx: HTTP Request: POST https://api.telegram.org/bot8882909267:AAFbTb_H_2j8XFn43eUHUWrx6oXpqFZoSwE/getUpdates "HTTP/1.1 200 OK"
2026-07-07 09:29:33,198 [INFO] httpx: HTTP Request: POST https://api.telegram.org/bot8882909267:AAFbTb_H_2j8XFn43eUHUWrx6oXpqFZoSwE/getUpdates "HTTP/1.1 200 OK"
2026-07-07 09:29:43,337 [INFO] httpx: HTTP Request: POST https://api.telegram.org/bot8882909267:AAFbTb_H_2j8XFn43eUHUWrx6oXpqFZoSwE/getUpdates "HTTP/1.1 200 OK"
2026-07-07 09:29:53,475 [INFO] httpx: HTTP Request: POST https://api.telegram.org/bot8882909267:AAFbTb_H_2j8XFn43eUHUWrx6oXpqFZoSwE/getUpdates "HTTP/1.1 200 OK"
2026-07-07 09:30:03,615 [INFO] httpx: HTTP Request: POST https://api.telegram.org/bot8882909267:AAFbTb_H_2j8XFn43eUHUWrx6oXpqFZoSwE/getUpdates "HTTP/1.1 200 OK"
2026-07-07 09:30:13,753 [INFO] httpx: HTTP Request: POST https://api.telegram.org/bot8882909267:AAFbTb_H_2j8XFn43eUHUWrx6oXpqFZoSwE/getUpdates "HTTP/1.1 200 OK"
2026-07-07 09:30:23,891 [INFO] httpx: HTTP Request: POST https://api.telegram.org/bot8882909267:AAFbTb_H_2j8XFn43eUHUWrx6oXpqFZoSwE/getUpdates "HTTP/1.1 200 OK"
2026-07-07 09:30:33,992 [INFO] httpx: HTTP Request: POST https://api.telegram.org/bot8882909267:AAFbTb_H_2j8XFn43eUHUWrx6oXpqFZoSwE/getUpdates "HTTP/1.1 200 OK"
2026-07-07 09:30:44,085 [INFO] httpx: HTTP Request: POST https://api.telegram.org/bot8882909267:AAFbTb_H_2j8XFn43eUHUWrx6oXpqFZoSwE/getUpdates "HTTP/1.1 200 OK"
2026-07-07 09:30:54,203 [INFO] httpx: HTTP Request: POST https://api.telegram.org/bot8882909267:AAFbTb_H_2j8XFn43eUHUWrx6oXpqFZoSwE/getUpdates "HTTP/1.1 200 OK"
2026-07-07 09:31:04,344 [INFO] httpx: HTTP Request: POST https://api.telegram.org/bot8882909267:AAFbTb_H_2j8XFn43eUHUWrx6oXpqFZoSwE/getUpdates "HTTP/1.1 200 OK"
2026-07-07 09:31:14,447 [INFO] httpx: HTTP Request: POST https://api.telegram.org/bot8882909267:AAFbTb_H_2j8XFn43eUHUWrx6oXpqFZoSwE/getUpdates "HTTP/1.1 200 OK"
2026-07-07 09:31:24,518 [INFO] httpx: HTTP Request: POST https://api.telegram.org/bot8882909267:AAFbTb_H_2j8XFn43eUHUWrx6oXpqFZoSwE/getUpdates "HTTP/1.1 200 OK"
2026-07-07 09:31:34,758 [INFO] httpx: HTTP Request: POST https://api.telegram.org/bot8882909267:AAFbTb_H_2j8XFn43eUHUWrx6oXpqFZoSwE/getUpdates "HTTP/1.1 200 OK"
2026-07-07 09:31:44,898 [INFO] httpx: HTTP Request: POST https://api.telegram.org/bot8882909267:AAFbTb_H_2j8XFn43eUHUWrx6oXpqFZoSwE/getUpdates "HTTP/1.1 200 OK"
2026-07-07 09:31:55,036 [INFO] httpx: HTTP Request: POST https://api.telegram.org/bot8882909267:AAFbTb_H_2j8XFn43eUHUWrx6oXpqFZoSwE/getUpdates "HTTP/1.1 200 OK"
2026-07-07 09:32:05,172 [INFO] httpx: HTTP Request: POST https://api.telegram.org/bot8882909267:AAFbTb_H_2j8XFn43eUHUWrx6oXpqFZoSwE/getUpdates "HTTP/1.1 200 OK"
2026-07-07 09:32:15,263 [INFO] httpx: HTTP Request: POST https://api.telegram.org/bot8882909267:AAFbTb_H_2j8XFn43eUHUWrx6oXpqFZoSwE/getUpdates "HTTP/1.1 200 OK"
2026-07-07 09:32:25,454 [INFO] httpx: HTTP Request: POST https://api.telegram.org/bot8882909267:AAFbTb_H_2j8XFn43eUHUWrx6oXpqFZoSwE/getUpdates "HTTP/1.1 200 OK"
2026-07-07 09:32:35,590 [INFO] httpx: HTTP Request: POST https://api.telegram.org/bot8882909267:AAFbTb_H_2j8XFn43eUHUWrx6oXpqFZoSwE/getUpdates "HTTP/1.1 200 OK"
2026-07-07 09:32:45,641 [INFO] httpx: HTTP Request: POST https://api.telegram.org/bot8882909267:AAFbTb_H_2j8XFn43eUHUWrx6oXpqFZoSwE/getUpdates "HTTP/1.1 200 OK"
2026-07-07 09:32:54,125 [INFO] httpx: HTTP Request: POST https://api.telegram.org/bot8882909267:AAFbTb_H_2j8XFn43eUHUWrx6oXpqFZoSwE/getUpdates "HTTP/1.1 200 OK"
2026-07-07 09:32:54,416 [INFO] httpx: HTTP Request: GET http://127.0.0.1:8000/api/public/clients/1665099911/bookings "HTTP/1.1 404 Not Found"
2026-07-07 09:32:54,590 [INFO] httpx: HTTP Request: POST https://api.telegram.org/bot8882909267:AAFbTb_H_2j8XFn43eUHUWrx6oXpqFZoSwE/sendMessage "HTTP/1.1 200 OK"
2026-07-07 09:32:57,728 [INFO] httpx: HTTP Request: POST https://api.telegram.org/bot8882909267:AAFbTb_H_2j8XFn43eUHUWrx6oXpqFZoSwE/getUpdates "HTTP/1.1 200 OK"
2026-07-07 09:32:57,967 [INFO] httpx: HTTP Request: GET http://127.0.0.1:8000/api/public/clients/1665099911 "HTTP/1.1 404 Not Found"
2026-07-07 09:32:58,119 [INFO] httpx: HTTP Request: POST https://api.telegram.org/bot8882909267:AAFbTb_H_2j8XFn43eUHUWrx6oXpqFZoSwE/sendMessage "HTTP/1.1 200 OK"
2026-07-07 09:33:01,902 [INFO] httpx: HTTP Request: POST https://api.telegram.org/bot8882909267:AAFbTb_H_2j8XFn43eUHUWrx6oXpqFZoSwE/getUpdates "HTTP/1.1 200 OK"
2026-07-07 09:33:02,134 [INFO] httpx: HTTP Request: GET http://127.0.0.1:8000/api/public/clients/1665099911 "HTTP/1.1 404 Not Found"
2026-07-07 09:33:02,212 [INFO] httpx: HTTP Request: POST https://api.telegram.org/bot8882909267:AAFbTb_H_2j8XFn43eUHUWrx6oXpqFZoSwE/sendMessage "HTTP/1.1 200 OK"
2026-07-07 09:33:12,257 [INFO] httpx: HTTP Request: POST https://api.telegram.org/bot8882909267:AAFbTb_H_2j8XFn43eUHUWrx6oXpqFZoSwE/getUpdates "HTTP/1.1 200 OK"
2026-07-07 09:33:12,594 [INFO] httpx: HTTP Request: POST https://api.telegram.org/bot8882909267:AAFbTb_H_2j8XFn43eUHUWrx6oXpqFZoSwE/getUpdates "HTTP/1.1 200 OK"
2026-07-07 09:33:12,767 [INFO] httpx: HTTP Request: POST https://api.telegram.org/bot8882909267:AAFbTb_H_2j8XFn43eUHUWrx6oXpqFZoSwE/sendMessage "HTTP/1.1 200 OK"
2026-07-07 09:33:20,597 [INFO] httpx: HTTP Request: POST https://api.telegram.org/bot8882909267:AAFbTb_H_2j8XFn43eUHUWrx6oXpqFZoSwE/getUpdates "HTTP/1.1 200 OK"
2026-07-07 09:33:20,850 [INFO] httpx: HTTP Request: POST http://127.0.0.1:8000/api/public/clients/register "HTTP/1.1 200 OK"
2026-07-07 09:33:21,483 [INFO] httpx: HTTP Request: POST https://api.telegram.org/bot8882909267:AAFbTb_H_2j8XFn43eUHUWrx6oXpqFZoSwE/sendMessage "HTTP/1.1 200 OK"
2026-07-07 09:33:23,986 [INFO] httpx: HTTP Request: POST https://api.telegram.org/bot8882909267:AAFbTb_H_2j8XFn43eUHUWrx6oXpqFZoSwE/getUpdates "HTTP/1.1 200 OK"
2026-07-07 09:33:24,221 [INFO] httpx: HTTP Request: GET http://127.0.0.1:8000/api/public/clients/1665099911 "HTTP/1.1 200 OK"
2026-07-07 09:33:24,443 [INFO] httpx: HTTP Request: GET http://127.0.0.1:8000/api/public/psychologist/1/services "HTTP/1.1 200 OK"
2026-07-07 09:33:24,573 [INFO] httpx: HTTP Request: POST https://api.telegram.org/bot8882909267:AAFbTb_H_2j8XFn43eUHUWrx6oXpqFZoSwE/sendMessage "HTTP/1.1 200 OK"
2026-07-07 09:33:26,517 [INFO] httpx: HTTP Request: POST https://api.telegram.org/bot8882909267:AAFbTb_H_2j8XFn43eUHUWrx6oXpqFZoSwE/getUpdates "HTTP/1.1 200 OK"
2026-07-07 09:33:26,656 [INFO] httpx: HTTP Request: POST https://api.telegram.org/bot8882909267:AAFbTb_H_2j8XFn43eUHUWrx6oXpqFZoSwE/answerCallbackQuery "HTTP/1.1 200 OK"
2026-07-07 09:33:26,859 [INFO] httpx: HTTP Request: POST https://api.telegram.org/bot8882909267:AAFbTb_H_2j8XFn43eUHUWrx6oXpqFZoSwE/editMessageText "HTTP/1.1 200 OK"
2026-07-07 09:33:30,784 [INFO] httpx: HTTP Request: POST https://api.telegram.org/bot8882909267:AAFbTb_H_2j8XFn43eUHUWrx6oXpqFZoSwE/getUpdates "HTTP/1.1 200 OK"
2026-07-07 09:33:31,004 [INFO] httpx: HTTP Request: POST https://api.telegram.org/bot8882909267:AAFbTb_H_2j8XFn43eUHUWrx6oXpqFZoSwE/answerCallbackQuery "HTTP/1.1 200 OK"
2026-07-07 09:33:31,261 [INFO] httpx: HTTP Request: GET http://127.0.0.1:8000/api/public/psychologist/1/slots?date=2026-07-07 "HTTP/1.1 200 OK"
2026-07-07 09:33:31,402 [INFO] httpx: HTTP Request: POST https://api.telegram.org/bot8882909267:AAFbTb_H_2j8XFn43eUHUWrx6oXpqFZoSwE/editMessageText "HTTP/1.1 200 OK"
2026-07-07 09:33:34,341 [INFO] httpx: HTTP Request: POST https://api.telegram.org/bot8882909267:AAFbTb_H_2j8XFn43eUHUWrx6oXpqFZoSwE/getUpdates "HTTP/1.1 200 OK"
2026-07-07 09:33:34,419 [INFO] httpx: HTTP Request: POST https://api.telegram.org/bot8882909267:AAFbTb_H_2j8XFn43eUHUWrx6oXpqFZoSwE/answerCallbackQuery "HTTP/1.1 200 OK"
2026-07-07 09:33:34,512 [INFO] httpx: HTTP Request: POST https://api.telegram.org/bot8882909267:AAFbTb_H_2j8XFn43eUHUWrx6oXpqFZoSwE/editMessageText "HTTP/1.1 200 OK"
2026-07-07 09:33:36,392 [INFO] httpx: HTTP Request: POST https://api.telegram.org/bot8882909267:AAFbTb_H_2j8XFn43eUHUWrx6oXpqFZoSwE/getUpdates "HTTP/1.1 200 OK"
2026-07-07 09:33:36,518 [INFO] httpx: HTTP Request: POST https://api.telegram.org/bot8882909267:AAFbTb_H_2j8XFn43eUHUWrx6oXpqFZoSwE/answerCallbackQuery "HTTP/1.1 200 OK"
2026-07-07 09:33:36,771 [INFO] httpx: HTTP Request: POST http://127.0.0.1:8000/api/public/bookings "HTTP/1.1 200 OK"
2026-07-07 09:33:36,920 [INFO] httpx: HTTP Request: POST https://api.telegram.org/bot8882909267:AAFbTb_H_2j8XFn43eUHUWrx6oXpqFZoSwE/editMessageText "HTTP/1.1 200 OK"
2026-07-07 09:33:46,452 [INFO] httpx: HTTP Request: POST https://api.telegram.org/bot8882909267:AAFbTb_H_2j8XFn43eUHUWrx6oXpqFZoSwE/getUpdates "HTTP/1.1 200 OK"
2026-07-07 09:33:52,073 [INFO] httpx: HTTP Request: POST https://api.telegram.org/bot8882909267:AAFbTb_H_2j8XFn43eUHUWrx6oXpqFZoSwE/getUpdates "HTTP/1.1 200 OK"
2026-07-07 09:33:52,312 [INFO] httpx: HTTP Request: GET http://127.0.0.1:8000/api/public/clients/1665099911/bookings "HTTP/1.1 200 OK"
2026-07-07 09:33:52,520 [INFO] httpx: HTTP Request: POST https://api.telegram.org/bot8882909267:AAFbTb_H_2j8XFn43eUHUWrx6oXpqFZoSwE/sendMessage "HTTP/1.1 200 OK"
2026-07-07 09:33:54,723 [INFO] httpx: HTTP Request: POST https://api.telegram.org/bot8882909267:AAFbTb_H_2j8XFn43eUHUWrx6oXpqFZoSwE/getUpdates "HTTP/1.1 200 OK"
2026-07-07 09:33:54,966 [INFO] httpx: HTTP Request: GET http://127.0.0.1:8000/api/public/clients/1665099911 "HTTP/1.1 200 OK"
2026-07-07 09:33:55,190 [INFO] httpx: HTTP Request: GET http://127.0.0.1:8000/api/public/psychologist/1/services "HTTP/1.1 200 OK"
2026-07-07 09:33:55,319 [INFO] httpx: HTTP Request: POST https://api.telegram.org/bot8882909267:AAFbTb_H_2j8XFn43eUHUWrx6oXpqFZoSwE/sendMessage "HTTP/1.1 200 OK"
2026-07-07 09:33:57,310 [INFO] httpx: HTTP Request: POST https://api.telegram.org/bot8882909267:AAFbTb_H_2j8XFn43eUHUWrx6oXpqFZoSwE/getUpdates "HTTP/1.1 200 OK"
2026-07-07 09:33:57,400 [INFO] httpx: HTTP Request: POST https://api.telegram.org/bot8882909267:AAFbTb_H_2j8XFn43eUHUWrx6oXpqFZoSwE/answerCallbackQuery "HTTP/1.1 200 OK"
2026-07-07 09:33:57,483 [INFO] httpx: HTTP Request: POST https://api.telegram.org/bot8882909267:AAFbTb_H_2j8XFn43eUHUWrx6oXpqFZoSwE/editMessageText "HTTP/1.1 200 OK"
2026-07-07 09:33:59,179 [INFO] httpx: HTTP Request: POST https://api.telegram.org/bot8882909267:AAFbTb_H_2j8XFn43eUHUWrx6oXpqFZoSwE/getUpdates "HTTP/1.1 200 OK"
2026-07-07 09:33:59,264 [INFO] httpx: HTTP Request: POST https://api.telegram.org/bot8882909267:AAFbTb_H_2j8XFn43eUHUWrx6oXpqFZoSwE/answerCallbackQuery "HTTP/1.1 200 OK"
2026-07-07 09:33:59,501 [INFO] httpx: HTTP Request: GET http://127.0.0.1:8000/api/public/psychologist/1/slots?date=2026-07-09 "HTTP/1.1 200 OK"
2026-07-07 09:33:59,641 [INFO] httpx: HTTP Request: POST https://api.telegram.org/bot8882909267:AAFbTb_H_2j8XFn43eUHUWrx6oXpqFZoSwE/editMessageText "HTTP/1.1 200 OK"
2026-07-07 09:34:00,960 [INFO] httpx: HTTP Request: POST https://api.telegram.org/bot8882909267:AAFbTb_H_2j8XFn43eUHUWrx6oXpqFZoSwE/getUpdates "HTTP/1.1 200 OK"
2026-07-07 09:34:01,074 [INFO] httpx: HTTP Request: POST https://api.telegram.org/bot8882909267:AAFbTb_H_2j8XFn43eUHUWrx6oXpqFZoSwE/answerCallbackQuery "HTTP/1.1 200 OK"
2026-07-07 09:34:01,135 [INFO] httpx: HTTP Request: POST https://api.telegram.org/bot8882909267:AAFbTb_H_2j8XFn43eUHUWrx6oXpqFZoSwE/editMessageText "HTTP/1.1 200 OK"
2026-07-07 09:34:02,373 [INFO] httpx: HTTP Request: POST https://api.telegram.org/bot8882909267:AAFbTb_H_2j8XFn43eUHUWrx6oXpqFZoSwE/getUpdates "HTTP/1.1 200 OK"
2026-07-07 09:34:02,432 [INFO] httpx: HTTP Request: POST https://api.telegram.org/bot8882909267:AAFbTb_H_2j8XFn43eUHUWrx6oXpqFZoSwE/answerCallbackQuery "HTTP/1.1 200 OK"
2026-07-07 09:34:02,684 [INFO] httpx: HTTP Request: POST http://127.0.0.1:8000/api/public/bookings "HTTP/1.1 200 OK"
2026-07-07 09:34:02,832 [INFO] httpx: HTTP Request: POST https://api.telegram.org/bot8882909267:AAFbTb_H_2j8XFn43eUHUWrx6oXpqFZoSwE/editMessageText "HTTP/1.1 200 OK"
2026-07-07 09:34:12,477 [INFO] httpx: HTTP Request: POST https://api.telegram.org/bot8882909267:AAFbTb_H_2j8XFn43eUHUWrx6oXpqFZoSwE/getUpdates "HTTP/1.1 200 OK"
2026-07-07 09:34:22,834 [INFO] httpx: HTTP Request: POST https://api.telegram.org/bot8882909267:AAFbTb_H_2j8XFn43eUHUWrx6oXpqFZoSwE/getUpdates "HTTP/1.1 200 OK"
2026-07-07 09:34:32,894 [INFO] httpx: HTTP Request: POST https://api.telegram.org/bot8882909267:AAFbTb_H_2j8XFn43eUHUWrx6oXpqFZoSwE/getUpdates "HTTP/1.1 200 OK"
2026-07-07 09:34:42,969 [INFO] httpx: HTTP Request: POST https://api.telegram.org/bot8882909267:AAFbTb_H_2j8XFn43eUHUWrx6oXpqFZoSwE/getUpdates "HTTP/1.1 200 OK"
2026-07-07 09:34:53,052 [INFO] httpx: HTTP Request: POST https://api.telegram.org/bot8882909267:AAFbTb_H_2j8XFn43eUHUWrx6oXpqFZoSwE/getUpdates "HTTP/1.1 200 OK"
2026-07-07 09:35:03,262 [INFO] httpx: HTTP Request: POST https://api.telegram.org/bot8882909267:AAFbTb_H_2j8XFn43eUHUWrx6oXpqFZoSwE/getUpdates "HTTP/1.1 200 OK"
2026-07-07 09:35:13,402 [INFO] httpx: HTTP Request: POST https://api.telegram.org/bot8882909267:AAFbTb_H_2j8XFn43eUHUWrx6oXpqFZoSwE/getUpdates "HTTP/1.1 200 OK"
2026-07-07 09:35:23,460 [INFO] httpx: HTTP Request: POST https://api.telegram.org/bot8882909267:AAFbTb_H_2j8XFn43eUHUWrx6oXpqFZoSwE/getUpdates "HTTP/1.1 200 OK"
2026-07-07 09:35:28,460 [INFO] httpx: HTTP Request: POST https://api.telegram.org/bot8882909267:AAFbTb_H_2j8XFn43eUHUWrx6oXpqFZoSwE/getUpdates "HTTP/1.1 200 OK"
2026-07-07 09:35:28,705 [INFO] httpx: HTTP Request: GET http://127.0.0.1:8000/api/public/clients/1665099911 "HTTP/1.1 200 OK"
2026-07-07 09:35:28,938 [INFO] httpx: HTTP Request: GET http://127.0.0.1:8000/api/public/psychologist/1/services "HTTP/1.1 200 OK"
2026-07-07 09:35:29,126 [INFO] httpx: HTTP Request: POST https://api.telegram.org/bot8882909267:AAFbTb_H_2j8XFn43eUHUWrx6oXpqFZoSwE/sendMessage "HTTP/1.1 200 OK"
2026-07-07 09:35:32,349 [INFO] httpx: HTTP Request: POST https://api.telegram.org/bot8882909267:AAFbTb_H_2j8XFn43eUHUWrx6oXpqFZoSwE/getUpdates "HTTP/1.1 200 OK"
2026-07-07 09:35:32,414 [INFO] httpx: HTTP Request: POST https://api.telegram.org/bot8882909267:AAFbTb_H_2j8XFn43eUHUWrx6oXpqFZoSwE/answerCallbackQuery "HTTP/1.1 200 OK"
2026-07-07 09:35:32,487 [INFO] httpx: HTTP Request: POST https://api.telegram.org/bot8882909267:AAFbTb_H_2j8XFn43eUHUWrx6oXpqFZoSwE/editMessageText "HTTP/1.1 200 OK"
2026-07-07 09:35:42,610 [INFO] httpx: HTTP Request: POST https://api.telegram.org/bot8882909267:AAFbTb_H_2j8XFn43eUHUWrx6oXpqFZoSwE/getUpdates "HTTP/1.1 200 OK"
2026-07-07 09:35:52,761 [INFO] httpx: HTTP Request: POST https://api.telegram.org/bot8882909267:AAFbTb_H_2j8XFn43eUHUWrx6oXpqFZoSwE/getUpdates "HTTP/1.1 200 OK"
2026-07-07 09:36:02,977 [INFO] httpx: HTTP Request: POST https://api.telegram.org/bot8882909267:AAFbTb_H_2j8XFn43eUHUWrx6oXpqFZoSwE/getUpdates "HTTP/1.1 200 OK"
2026-07-07 09:36:13,108 [INFO] httpx: HTTP Request: POST https://api.telegram.org/bot8882909267:AAFbTb_H_2j8XFn43eUHUWrx6oXpqFZoSwE/getUpdates "HTTP/1.1 200 OK"
2026-07-07 09:36:23,258 [INFO] httpx: HTTP Request: POST https://api.telegram.org/bot8882909267:AAFbTb_H_2j8XFn43eUHUWrx6oXpqFZoSwE/getUpdates "HTTP/1.1 200 OK"
2026-07-07 09:36:33,385 [INFO] httpx: HTTP Request: POST https://api.telegram.org/bot8882909267:AAFbTb_H_2j8XFn43eUHUWrx6oXpqFZoSwE/getUpdates "HTTP/1.1 200 OK"
2026-07-07 09:36:43,531 [INFO] httpx: HTTP Request: POST https://api.telegram.org/bot8882909267:AAFbTb_H_2j8XFn43eUHUWrx6oXpqFZoSwE/getUpdates "HTTP/1.1 200 OK"
2026-07-07 09:36:53,604 [INFO] httpx: HTTP Request: POST https://api.telegram.org/bot8882909267:AAFbTb_H_2j8XFn43eUHUWrx6oXpqFZoSwE/getUpdates "HTTP/1.1 200 OK"
2026-07-07 09:37:03,687 [INFO] httpx: HTTP Request: POST https://api.telegram.org/bot8882909267:AAFbTb_H_2j8XFn43eUHUWrx6oXpqFZoSwE/getUpdates "HTTP/1.1 200 OK"
2026-07-07 09:37:13,737 [INFO] httpx: HTTP Request: POST https://api.telegram.org/bot8882909267:AAFbTb_H_2j8XFn43eUHUWrx6oXpqFZoSwE/getUpdates "HTTP/1.1 200 OK"
2026-07-07 09:37:23,794 [INFO] httpx: HTTP Request: POST https://api.telegram.org/bot8882909267:AAFbTb_H_2j8XFn43eUHUWrx6oXpqFZoSwE/getUpdates "HTTP/1.1 200 OK"
2026-07-07 09:37:33,904 [INFO] httpx: HTTP Request: POST https://api.telegram.org/bot8882909267:AAFbTb_H_2j8XFn43eUHUWrx6oXpqFZoSwE/getUpdates "HTTP/1.1 200 OK"
2026-07-07 09:37:44,044 [INFO] httpx: HTTP Request: POST https://api.telegram.org/bot8882909267:AAFbTb_H_2j8XFn43eUHUWrx6oXpqFZoSwE/getUpdates "HTTP/1.1 200 OK"
2026-07-07 09:37:54,182 [INFO] httpx: HTTP Request: POST https://api.telegram.org/bot8882909267:AAFbTb_H_2j8XFn43eUHUWrx6oXpqFZoSwE/getUpdates "HTTP/1.1 200 OK"
2026-07-07 09:38:04,233 [INFO] httpx: HTTP Request: POST https://api.telegram.org/bot8882909267:AAFbTb_H_2j8XFn43eUHUWrx6oXpqFZoSwE/getUpdates "HTTP/1.1 200 OK"
2026-07-07 09:38:14,362 [INFO] httpx: HTTP Request: POST https://api.telegram.org/bot8882909267:AAFbTb_H_2j8XFn43eUHUWrx6oXpqFZoSwE/getUpdates "HTTP/1.1 200 OK"
2026-07-07 09:38:24,426 [INFO] httpx: HTTP Request: POST https://api.telegram.org/bot8882909267:AAFbTb_H_2j8XFn43eUHUWrx6oXpqFZoSwE/getUpdates "HTTP/1.1 200 OK"
2026-07-07 09:38:34,533 [INFO] httpx: HTTP Request: POST https://api.telegram.org/bot8882909267:AAFbTb_H_2j8XFn43eUHUWrx6oXpqFZoSwE/getUpdates "HTTP/1.1 200 OK"
2026-07-07 09:38:44,670 [INFO] httpx: HTTP Request: POST https://api.telegram.org/bot8882909267:AAFbTb_H_2j8XFn43eUHUWrx6oXpqFZoSwE/getUpdates "HTTP/1.1 200 OK"
2026-07-07 09:38:55,310 [INFO] httpx: HTTP Request: POST https://api.telegram.org/bot8882909267:AAFbTb_H_2j8XFn43eUHUWrx6oXpqFZoSwE/getUpdates "HTTP/1.1 200 OK"
2026-07-07 09:39:05,462 [INFO] httpx: HTTP Request: POST https://api.telegram.org/bot8882909267:AAFbTb_H_2j8XFn43eUHUWrx6oXpqFZoSwE/getUpdates "HTTP/1.1 200 OK"
2026-07-07 09:39:15,917 [INFO] httpx: HTTP Request: POST https://api.telegram.org/bot8882909267:AAFbTb_H_2j8XFn43eUHUWrx6oXpqFZoSwE/getUpdates "HTTP/1.1 200 OK"
2026-07-07 09:39:26,163 [INFO] httpx: HTTP Request: POST https://api.telegram.org/bot8882909267:AAFbTb_H_2j8XFn43eUHUWrx6oXpqFZoSwE/getUpdates "HTTP/1.1 200 OK"
2026-07-07 09:39:36,289 [INFO] httpx: HTTP Request: POST https://api.telegram.org/bot8882909267:AAFbTb_H_2j8XFn43eUHUWrx6oXpqFZoSwE/getUpdates "HTTP/1.1 200 OK"
2026-07-07 09:39:46,434 [INFO] httpx: HTTP Request: POST https://api.telegram.org/bot8882909267:AAFbTb_H_2j8XFn43eUHUWrx6oXpqFZoSwE/getUpdates "HTTP/1.1 200 OK"
2026-07-07 09:46:37,471 [INFO] httpx: HTTP Request: POST https://api.telegram.org/bot8882909267:AAFbTb_H_2j8XFn43eUHUWrx6oXpqFZoSwE/getUpdates "HTTP/1.1 200 OK"
2026-07-07 09:46:48,066 [INFO] httpx: HTTP Request: POST https://api.telegram.org/bot8882909267:AAFbTb_H_2j8XFn43eUHUWrx6oXpqFZoSwE/getUpdates "HTTP/1.1 200 OK"
2026-07-07 09:47:19,527 [INFO] httpx: HTTP Request: POST https://api.telegram.org/bot8882909267:AAFbTb_H_2j8XFn43eUHUWrx6oXpqFZoSwE/getUpdates "HTTP/1.1 200 OK"
2026-07-07 09:47:29,615 [INFO] httpx: HTTP Request: POST https://api.telegram.org/bot8882909267:AAFbTb_H_2j8XFn43eUHUWrx6oXpqFZoSwE/getUpdates "HTTP/1.1 200 OK"
2026-07-07 09:47:39,660 [INFO] httpx: HTTP Request: POST https://api.telegram.org/bot8882909267:AAFbTb_H_2j8XFn43eUHUWrx6oXpqFZoSwE/getUpdates "HTTP/1.1 200 OK"
2026-07-07 09:47:49,807 [INFO] httpx: HTTP Request: POST https://api.telegram.org/bot8882909267:AAFbTb_H_2j8XFn43eUHUWrx6oXpqFZoSwE/getUpdates "HTTP/1.1 200 OK"
2026-07-07 09:47:59,923 [INFO] httpx: HTTP Request: POST https://api.telegram.org/bot8882909267:AAFbTb_H_2j8XFn43eUHUWrx6oXpqFZoSwE/getUpdates "HTTP/1.1 200 OK"
2026-07-07 09:48:10,038 [INFO] httpx: HTTP Request: POST https://api.telegram.org/bot8882909267:AAFbTb_H_2j8XFn43eUHUWrx6oXpqFZoSwE/getUpdates "HTTP/1.1 200 OK"
2026-07-07 09:48:20,199 [INFO] httpx: HTTP Request: POST https://api.telegram.org/bot8882909267:AAFbTb_H_2j8XFn43eUHUWrx6oXpqFZoSwE/getUpdates "HTTP/1.1 200 OK"
2026-07-07 09:48:30,335 [INFO] httpx: HTTP Request: POST https://api.telegram.org/bot8882909267:AAFbTb_H_2j8XFn43eUHUWrx6oXpqFZoSwE/getUpdates "HTTP/1.1 200 OK"
2026-07-07 09:48:40,473 [INFO] httpx: HTTP Request: POST https://api.telegram.org/bot8882909267:AAFbTb_H_2j8XFn43eUHUWrx6oXpqFZoSwE/getUpdates "HTTP/1.1 200 OK"
2026-07-07 09:48:50,636 [INFO] httpx: HTTP Request: POST https://api.telegram.org/bot8882909267:AAFbTb_H_2j8XFn43eUHUWrx6oXpqFZoSwE/getUpdates "HTTP/1.1 200 OK"
2026-07-07 09:49:00,750 [INFO] httpx: HTTP Request: POST https://api.telegram.org/bot8882909267:AAFbTb_H_2j8XFn43eUHUWrx6oXpqFZoSwE/getUpdates "HTTP/1.1 200 OK"
2026-07-07 09:49:10,991 [INFO] httpx: HTTP Request: POST https://api.telegram.org/bot8882909267:AAFbTb_H_2j8XFn43eUHUWrx6oXpqFZoSwE/getUpdates "HTTP/1.1 200 OK"
2026-07-07 09:49:21,034 [INFO] httpx: HTTP Request: POST https://api.telegram.org/bot8882909267:AAFbTb_H_2j8XFn43eUHUWrx6oXpqFZoSwE/getUpdates "HTTP/1.1 200 OK"
2026-07-07 09:49:29,883 [INFO] httpx: HTTP Request: POST https://api.telegram.org/bot8882909267:AAFbTb_H_2j8XFn43eUHUWrx6oXpqFZoSwE/getUpdates "HTTP/1.1 200 OK"
2026-07-07 09:49:29,885 [INFO] telegram.ext.Application: Application is stopping. This might take a moment.
2026-07-07 09:49:29,885 [INFO] telegram.ext.Application: Application.stop() complete
2026-07-07 09:49:35,327 [INFO] __main__: Запуск бота...
2026-07-07 09:49:35,733 [INFO] __main__: Бот запущен, начинаем polling
2026-07-07 09:49:37,000 [INFO] httpx: HTTP Request: POST https://api.telegram.org/bot8882909267:AAFbTb_H_2j8XFn43eUHUWrx6oXpqFZoSwE/getMe "HTTP/1.1 200 OK"
2026-07-07 09:49:37,045 [INFO] httpx: HTTP Request: POST https://api.telegram.org/bot8882909267:AAFbTb_H_2j8XFn43eUHUWrx6oXpqFZoSwE/deleteWebhook "HTTP/1.1 200 OK"
2026-07-07 09:49:37,049 [INFO] telegram.ext.Application: Application started
2026-07-07 09:49:47,243 [INFO] httpx: HTTP Request: POST https://api.telegram.org/bot8882909267:AAFbTb_H_2j8XFn43eUHUWrx6oXpqFZoSwE/getUpdates "HTTP/1.1 200 OK"
2026-07-07 09:49:50,180 [INFO] httpx: HTTP Request: POST https://api.telegram.org/bot8882909267:AAFbTb_H_2j8XFn43eUHUWrx6oXpqFZoSwE/getUpdates "HTTP/1.1 200 OK"
2026-07-07 09:49:52,132 [INFO] httpx: HTTP Request: POST https://api.telegram.org/bot8882909267:AAFbTb_H_2j8XFn43eUHUWrx6oXpqFZoSwE/getUpdates "HTTP/1.1 200 OK"
2026-07-07 09:49:56,218 [INFO] httpx: HTTP Request: POST https://api.telegram.org/bot8882909267:AAFbTb_H_2j8XFn43eUHUWrx6oXpqFZoSwE/getUpdates "HTTP/1.1 200 OK"
2026-07-07 09:49:56,436 [INFO] httpx: HTTP Request: GET http://127.0.0.1:8000/api/public/clients/1665099911 "HTTP/1.1 404 Not Found"
2026-07-07 09:49:56,581 [INFO] httpx: HTTP Request: POST https://api.telegram.org/bot8882909267:AAFbTb_H_2j8XFn43eUHUWrx6oXpqFZoSwE/sendMessage "HTTP/1.1 200 OK"
2026-07-07 09:49:58,400 [INFO] httpx: HTTP Request: POST https://api.telegram.org/bot8882909267:AAFbTb_H_2j8XFn43eUHUWrx6oXpqFZoSwE/getUpdates "HTTP/1.1 200 OK"
2026-07-07 09:49:58,618 [INFO] httpx: HTTP Request: GET http://127.0.0.1:8000/api/public/clients/1665099911 "HTTP/1.1 404 Not Found"
2026-07-07 09:49:58,691 [INFO] httpx: HTTP Request: POST https://api.telegram.org/bot8882909267:AAFbTb_H_2j8XFn43eUHUWrx6oXpqFZoSwE/sendMessage "HTTP/1.1 200 OK"
2026-07-07 09:50:04,043 [INFO] httpx: HTTP Request: POST https://api.telegram.org/bot8882909267:AAFbTb_H_2j8XFn43eUHUWrx6oXpqFZoSwE/getUpdates "HTTP/1.1 200 OK"
2026-07-07 09:50:04,245 [INFO] httpx: HTTP Request: POST https://api.telegram.org/bot8882909267:AAFbTb_H_2j8XFn43eUHUWrx6oXpqFZoSwE/sendMessage "HTTP/1.1 200 OK"
2026-07-07 09:50:09,544 [INFO] httpx: HTTP Request: POST https://api.telegram.org/bot8882909267:AAFbTb_H_2j8XFn43eUHUWrx6oXpqFZoSwE/getUpdates "HTTP/1.1 200 OK"
2026-07-07 09:50:09,789 [INFO] httpx: HTTP Request: POST http://127.0.0.1:8000/api/public/clients/register "HTTP/1.1 200 OK"
2026-07-07 09:50:09,945 [INFO] httpx: HTTP Request: POST https://api.telegram.org/bot8882909267:AAFbTb_H_2j8XFn43eUHUWrx6oXpqFZoSwE/sendMessage "HTTP/1.1 200 OK"
2026-07-07 09:50:14,554 [INFO] httpx: HTTP Request: POST https://api.telegram.org/bot8882909267:AAFbTb_H_2j8XFn43eUHUWrx6oXpqFZoSwE/getUpdates "HTTP/1.1 200 OK"
2026-07-07 09:50:14,774 [INFO] httpx: HTTP Request: GET http://127.0.0.1:8000/api/public/clients/1665099911 "HTTP/1.1 200 OK"
2026-07-07 09:50:14,997 [INFO] httpx: HTTP Request: GET http://127.0.0.1:8000/api/public/psychologist/1/services "HTTP/1.1 200 OK"
2026-07-07 09:50:15,179 [INFO] httpx: HTTP Request: POST https://api.telegram.org/bot8882909267:AAFbTb_H_2j8XFn43eUHUWrx6oXpqFZoSwE/sendMessage "HTTP/1.1 200 OK"
2026-07-07 09:50:24,854 [INFO] httpx: HTTP Request: POST https://api.telegram.org/bot8882909267:AAFbTb_H_2j8XFn43eUHUWrx6oXpqFZoSwE/getUpdates "HTTP/1.1 200 OK"
2026-07-07 09:50:25,176 [INFO] httpx: HTTP Request: POST https://api.telegram.org/bot8882909267:AAFbTb_H_2j8XFn43eUHUWrx6oXpqFZoSwE/getUpdates "HTTP/1.1 200 OK"
2026-07-07 09:50:25,325 [INFO] httpx: HTTP Request: POST https://api.telegram.org/bot8882909267:AAFbTb_H_2j8XFn43eUHUWrx6oXpqFZoSwE/answerCallbackQuery "HTTP/1.1 200 OK"
2026-07-07 09:50:25,391 [INFO] httpx: HTTP Request: POST https://api.telegram.org/bot8882909267:AAFbTb_H_2j8XFn43eUHUWrx6oXpqFZoSwE/editMessageText "HTTP/1.1 200 OK"
2026-07-07 09:50:26,428 [INFO] httpx: HTTP Request: POST https://api.telegram.org/bot8882909267:AAFbTb_H_2j8XFn43eUHUWrx6oXpqFZoSwE/getUpdates "HTTP/1.1 200 OK"
2026-07-07 09:50:26,489 [INFO] httpx: HTTP Request: POST https://api.telegram.org/bot8882909267:AAFbTb_H_2j8XFn43eUHUWrx6oXpqFZoSwE/answerCallbackQuery "HTTP/1.1 200 OK"
2026-07-07 09:50:26,707 [INFO] httpx: HTTP Request: GET http://127.0.0.1:8000/api/public/psychologist/1/slots?date=2026-07-18 "HTTP/1.1 200 OK"
2026-07-07 09:50:26,774 [INFO] httpx: HTTP Request: POST https://api.telegram.org/bot8882909267:AAFbTb_H_2j8XFn43eUHUWrx6oXpqFZoSwE/editMessageText "HTTP/1.1 200 OK"
2026-07-07 09:50:31,262 [INFO] httpx: HTTP Request: POST https://api.telegram.org/bot8882909267:AAFbTb_H_2j8XFn43eUHUWrx6oXpqFZoSwE/getUpdates "HTTP/1.1 200 OK"
2026-07-07 09:50:38,784 [INFO] httpx: HTTP Request: POST https://api.telegram.org/bot8882909267:AAFbTb_H_2j8XFn43eUHUWrx6oXpqFZoSwE/getUpdates "HTTP/1.1 200 OK"
2026-07-07 09:50:48,874 [INFO] httpx: HTTP Request: POST https://api.telegram.org/bot8882909267:AAFbTb_H_2j8XFn43eUHUWrx6oXpqFZoSwE/getUpdates "HTTP/1.1 200 OK"
2026-07-07 09:50:57,324 [INFO] httpx: HTTP Request: POST https://api.telegram.org/bot8882909267:AAFbTb_H_2j8XFn43eUHUWrx6oXpqFZoSwE/getUpdates "HTTP/1.1 200 OK"
2026-07-07 09:50:57,546 [INFO] httpx: HTTP Request: GET http://127.0.0.1:8000/api/public/clients/1665099911/bookings "HTTP/1.1 200 OK"
2026-07-07 09:50:58,390 [INFO] httpx: HTTP Request: POST https://api.telegram.org/bot8882909267:AAFbTb_H_2j8XFn43eUHUWrx6oXpqFZoSwE/sendMessage "HTTP/1.1 200 OK"
2026-07-07 09:51:00,240 [INFO] httpx: HTTP Request: POST https://api.telegram.org/bot8882909267:AAFbTb_H_2j8XFn43eUHUWrx6oXpqFZoSwE/getUpdates "HTTP/1.1 200 OK"
2026-07-07 09:51:10,296 [INFO] httpx: HTTP Request: POST https://api.telegram.org/bot8882909267:AAFbTb_H_2j8XFn43eUHUWrx6oXpqFZoSwE/getUpdates "HTTP/1.1 200 OK"
2026-07-07 09:51:20,359 [INFO] httpx: HTTP Request: POST https://api.telegram.org/bot8882909267:AAFbTb_H_2j8XFn43eUHUWrx6oXpqFZoSwE/getUpdates "HTTP/1.1 200 OK"
2026-07-07 09:51:30,412 [INFO] httpx: HTTP Request: POST https://api.telegram.org/bot8882909267:AAFbTb_H_2j8XFn43eUHUWrx6oXpqFZoSwE/getUpdates "HTTP/1.1 200 OK"
2026-07-07 09:51:40,525 [INFO] httpx: HTTP Request: POST https://api.telegram.org/bot8882909267:AAFbTb_H_2j8XFn43eUHUWrx6oXpqFZoSwE/getUpdates "HTTP/1.1 200 OK"
2026-07-07 09:51:50,626 [INFO] httpx: HTTP Request: POST https://api.telegram.org/bot8882909267:AAFbTb_H_2j8XFn43eUHUWrx6oXpqFZoSwE/getUpdates "HTTP/1.1 200 OK"
2026-07-07 09:52:00,728 [INFO] httpx: HTTP Request: POST https://api.telegram.org/bot8882909267:AAFbTb_H_2j8XFn43eUHUWrx6oXpqFZoSwE/getUpdates "HTTP/1.1 200 OK"
2026-07-07 09:52:10,769 [INFO] httpx: HTTP Request: POST https://api.telegram.org/bot8882909267:AAFbTb_H_2j8XFn43eUHUWrx6oXpqFZoSwE/getUpdates "HTTP/1.1 200 OK"
2026-07-07 09:52:20,831 [INFO] httpx: HTTP Request: POST https://api.telegram.org/bot8882909267:AAFbTb_H_2j8XFn43eUHUWrx6oXpqFZoSwE/getUpdates "HTTP/1.1 200 OK"
2026-07-07 09:52:30,934 [INFO] httpx: HTTP Request: POST https://api.telegram.org/bot8882909267:AAFbTb_H_2j8XFn43eUHUWrx6oXpqFZoSwE/getUpdates "HTTP/1.1 200 OK"
2026-07-07 09:52:40,980 [INFO] httpx: HTTP Request: POST https://api.telegram.org/bot8882909267:AAFbTb_H_2j8XFn43eUHUWrx6oXpqFZoSwE/getUpdates "HTTP/1.1 200 OK"
2026-07-07 09:52:51,143 [INFO] httpx: HTTP Request: POST https://api.telegram.org/bot8882909267:AAFbTb_H_2j8XFn43eUHUWrx6oXpqFZoSwE/getUpdates "HTTP/1.1 200 OK"
2026-07-07 09:53:01,246 [INFO] httpx: HTTP Request: POST https://api.telegram.org/bot8882909267:AAFbTb_H_2j8XFn43eUHUWrx6oXpqFZoSwE/getUpdates "HTTP/1.1 200 OK"
2026-07-07 09:53:07,222 [INFO] httpx: HTTP Request: POST https://api.telegram.org/bot8882909267:AAFbTb_H_2j8XFn43eUHUWrx6oXpqFZoSwE/getUpdates "HTTP/1.1 200 OK"
2026-07-07 09:53:07,224 [INFO] telegram.ext.Application: Application is stopping. This might take a moment.
2026-07-07 09:53:07,225 [INFO] telegram.ext.Application: Application.stop() complete
2026-07-07 09:53:10,919 [INFO] __main__: Запуск бота...
2026-07-07 09:53:11,318 [INFO] __main__: Бот запущен, начинаем polling
2026-07-07 09:53:11,529 [INFO] httpx: HTTP Request: POST https://api.telegram.org/bot8882909267:AAFbTb_H_2j8XFn43eUHUWrx6oXpqFZoSwE/getMe "HTTP/1.1 200 OK"
2026-07-07 09:53:11,599 [INFO] httpx: HTTP Request: POST https://api.telegram.org/bot8882909267:AAFbTb_H_2j8XFn43eUHUWrx6oXpqFZoSwE/deleteWebhook "HTTP/1.1 200 OK"
2026-07-07 09:53:11,603 [INFO] telegram.ext.Application: Application started
2026-07-07 09:53:22,075 [INFO] httpx: HTTP Request: POST https://api.telegram.org/bot8882909267:AAFbTb_H_2j8XFn43eUHUWrx6oXpqFZoSwE/getUpdates "HTTP/1.1 200 OK"
2026-07-07 09:53:24,196 [INFO] httpx: HTTP Request: POST https://api.telegram.org/bot8882909267:AAFbTb_H_2j8XFn43eUHUWrx6oXpqFZoSwE/getUpdates "HTTP/1.1 200 OK"
2026-07-07 09:53:24,443 [INFO] httpx: HTTP Request: GET http://127.0.0.1:8000/api/public/clients/1665099911 "HTTP/1.1 404 Not Found"
2026-07-07 09:53:24,594 [INFO] httpx: HTTP Request: POST https://api.telegram.org/bot8882909267:AAFbTb_H_2j8XFn43eUHUWrx6oXpqFZoSwE/sendMessage "HTTP/1.1 200 OK"
2026-07-07 09:53:27,708 [INFO] httpx: HTTP Request: POST https://api.telegram.org/bot8882909267:AAFbTb_H_2j8XFn43eUHUWrx6oXpqFZoSwE/getUpdates "HTTP/1.1 200 OK"
2026-07-07 09:53:27,948 [INFO] httpx: HTTP Request: GET http://127.0.0.1:8000/api/public/clients/1665099911 "HTTP/1.1 404 Not Found"
2026-07-07 09:53:28,016 [INFO] httpx: HTTP Request: POST https://api.telegram.org/bot8882909267:AAFbTb_H_2j8XFn43eUHUWrx6oXpqFZoSwE/sendMessage "HTTP/1.1 200 OK"
2026-07-07 09:53:31,894 [INFO] httpx: HTTP Request: POST https://api.telegram.org/bot8882909267:AAFbTb_H_2j8XFn43eUHUWrx6oXpqFZoSwE/getUpdates "HTTP/1.1 200 OK"
2026-07-07 09:53:31,966 [INFO] httpx: HTTP Request: POST https://api.telegram.org/bot8882909267:AAFbTb_H_2j8XFn43eUHUWrx6oXpqFZoSwE/sendMessage "HTTP/1.1 200 OK"
2026-07-07 09:53:37,327 [INFO] httpx: HTTP Request: POST https://api.telegram.org/bot8882909267:AAFbTb_H_2j8XFn43eUHUWrx6oXpqFZoSwE/getUpdates "HTTP/1.1 200 OK"
2026-07-07 09:53:37,582 [INFO] httpx: HTTP Request: POST http://127.0.0.1:8000/api/public/clients/register "HTTP/1.1 200 OK"
2026-07-07 09:53:37,735 [INFO] httpx: HTTP Request: POST https://api.telegram.org/bot8882909267:AAFbTb_H_2j8XFn43eUHUWrx6oXpqFZoSwE/sendMessage "HTTP/1.1 200 OK"
2026-07-07 09:53:39,475 [INFO] httpx: HTTP Request: POST https://api.telegram.org/bot8882909267:AAFbTb_H_2j8XFn43eUHUWrx6oXpqFZoSwE/getUpdates "HTTP/1.1 200 OK"
2026-07-07 09:53:39,710 [INFO] httpx: HTTP Request: GET http://127.0.0.1:8000/api/public/clients/1665099911 "HTTP/1.1 200 OK"
2026-07-07 09:53:39,949 [INFO] httpx: HTTP Request: GET http://127.0.0.1:8000/api/public/psychologist/1/services "HTTP/1.1 200 OK"
2026-07-07 09:53:40,033 [INFO] httpx: HTTP Request: POST https://api.telegram.org/bot8882909267:AAFbTb_H_2j8XFn43eUHUWrx6oXpqFZoSwE/sendMessage "HTTP/1.1 200 OK"
2026-07-07 09:53:41,532 [INFO] httpx: HTTP Request: POST https://api.telegram.org/bot8882909267:AAFbTb_H_2j8XFn43eUHUWrx6oXpqFZoSwE/getUpdates "HTTP/1.1 200 OK"
2026-07-07 09:53:41,603 [INFO] httpx: HTTP Request: POST https://api.telegram.org/bot8882909267:AAFbTb_H_2j8XFn43eUHUWrx6oXpqFZoSwE/answerCallbackQuery "HTTP/1.1 200 OK"
2026-07-07 09:53:41,678 [INFO] httpx: HTTP Request: POST https://api.telegram.org/bot8882909267:AAFbTb_H_2j8XFn43eUHUWrx6oXpqFZoSwE/editMessageText "HTTP/1.1 200 OK"
2026-07-07 09:53:43,258 [INFO] httpx: HTTP Request: POST https://api.telegram.org/bot8882909267:AAFbTb_H_2j8XFn43eUHUWrx6oXpqFZoSwE/getUpdates "HTTP/1.1 200 OK"
2026-07-07 09:53:43,306 [INFO] httpx: HTTP Request: POST https://api.telegram.org/bot8882909267:AAFbTb_H_2j8XFn43eUHUWrx6oXpqFZoSwE/answerCallbackQuery "HTTP/1.1 200 OK"
2026-07-07 09:53:43,545 [INFO] httpx: HTTP Request: GET http://127.0.0.1:8000/api/public/psychologist/1/slots?date=2026-07-18 "HTTP/1.1 200 OK"
2026-07-07 09:53:43,606 [INFO] httpx: HTTP Request: POST https://api.telegram.org/bot8882909267:AAFbTb_H_2j8XFn43eUHUWrx6oXpqFZoSwE/editMessageText "HTTP/1.1 200 OK"
2026-07-07 09:53:46,694 [INFO] httpx: HTTP Request: POST https://api.telegram.org/bot8882909267:AAFbTb_H_2j8XFn43eUHUWrx6oXpqFZoSwE/getUpdates "HTTP/1.1 200 OK"
2026-07-07 09:53:46,840 [INFO] httpx: HTTP Request: POST https://api.telegram.org/bot8882909267:AAFbTb_H_2j8XFn43eUHUWrx6oXpqFZoSwE/answerCallbackQuery "HTTP/1.1 200 OK"
2026-07-07 09:53:47,074 [INFO] httpx: HTTP Request: GET http://127.0.0.1:8000/api/public/psychologist/1/slots?date=2026-07-07 "HTTP/1.1 200 OK"
2026-07-07 09:53:47,139 [INFO] httpx: HTTP Request: POST https://api.telegram.org/bot8882909267:AAFbTb_H_2j8XFn43eUHUWrx6oXpqFZoSwE/editMessageText "HTTP/1.1 200 OK"
2026-07-07 09:53:49,815 [INFO] httpx: HTTP Request: POST https://api.telegram.org/bot8882909267:AAFbTb_H_2j8XFn43eUHUWrx6oXpqFZoSwE/getUpdates "HTTP/1.1 200 OK"
2026-07-07 09:53:49,871 [INFO] httpx: HTTP Request: POST https://api.telegram.org/bot8882909267:AAFbTb_H_2j8XFn43eUHUWrx6oXpqFZoSwE/answerCallbackQuery "HTTP/1.1 200 OK"
2026-07-07 09:53:49,931 [INFO] httpx: HTTP Request: POST https://api.telegram.org/bot8882909267:AAFbTb_H_2j8XFn43eUHUWrx6oXpqFZoSwE/editMessageText "HTTP/1.1 200 OK"
2026-07-07 09:53:52,426 [INFO] httpx: HTTP Request: POST https://api.telegram.org/bot8882909267:AAFbTb_H_2j8XFn43eUHUWrx6oXpqFZoSwE/getUpdates "HTTP/1.1 200 OK"
2026-07-07 09:53:52,475 [INFO] httpx: HTTP Request: POST https://api.telegram.org/bot8882909267:AAFbTb_H_2j8XFn43eUHUWrx6oXpqFZoSwE/answerCallbackQuery "HTTP/1.1 200 OK"
2026-07-07 09:53:52,716 [INFO] httpx: HTTP Request: POST http://127.0.0.1:8000/api/public/bookings "HTTP/1.1 200 OK"
2026-07-07 09:53:52,774 [INFO] httpx: HTTP Request: POST https://api.telegram.org/bot8882909267:AAFbTb_H_2j8XFn43eUHUWrx6oXpqFZoSwE/editMessageText "HTTP/1.1 200 OK"
2026-07-07 09:54:02,476 [INFO] httpx: HTTP Request: POST https://api.telegram.org/bot8882909267:AAFbTb_H_2j8XFn43eUHUWrx6oXpqFZoSwE/getUpdates "HTTP/1.1 200 OK"
2026-07-07 09:54:12,528 [INFO] httpx: HTTP Request: POST https://api.telegram.org/bot8882909267:AAFbTb_H_2j8XFn43eUHUWrx6oXpqFZoSwE/getUpdates "HTTP/1.1 200 OK"
2026-07-07 09:54:13,420 [INFO] httpx: HTTP Request: POST https://api.telegram.org/bot8882909267:AAFbTb_H_2j8XFn43eUHUWrx6oXpqFZoSwE/getUpdates "HTTP/1.1 200 OK"
2026-07-07 09:54:13,676 [INFO] httpx: HTTP Request: GET http://127.0.0.1:8000/api/public/clients/1665099911 "HTTP/1.1 200 OK"
2026-07-07 09:54:13,923 [INFO] httpx: HTTP Request: GET http://127.0.0.1:8000/api/public/psychologist/1/services "HTTP/1.1 200 OK"
2026-07-07 09:54:14,083 [INFO] httpx: HTTP Request: POST https://api.telegram.org/bot8882909267:AAFbTb_H_2j8XFn43eUHUWrx6oXpqFZoSwE/sendMessage "HTTP/1.1 200 OK"
2026-07-07 09:54:15,310 [INFO] httpx: HTTP Request: POST https://api.telegram.org/bot8882909267:AAFbTb_H_2j8XFn43eUHUWrx6oXpqFZoSwE/getUpdates "HTTP/1.1 200 OK"
2026-07-07 09:54:15,358 [INFO] httpx: HTTP Request: POST https://api.telegram.org/bot8882909267:AAFbTb_H_2j8XFn43eUHUWrx6oXpqFZoSwE/answerCallbackQuery "HTTP/1.1 200 OK"
2026-07-07 09:54:15,558 [INFO] httpx: HTTP Request: POST https://api.telegram.org/bot8882909267:AAFbTb_H_2j8XFn43eUHUWrx6oXpqFZoSwE/editMessageText "HTTP/1.1 200 OK"
2026-07-07 09:54:16,870 [INFO] httpx: HTTP Request: POST https://api.telegram.org/bot8882909267:AAFbTb_H_2j8XFn43eUHUWrx6oXpqFZoSwE/getUpdates "HTTP/1.1 200 OK"
2026-07-07 09:54:16,917 [INFO] httpx: HTTP Request: POST https://api.telegram.org/bot8882909267:AAFbTb_H_2j8XFn43eUHUWrx6oXpqFZoSwE/answerCallbackQuery "HTTP/1.1 200 OK"
2026-07-07 09:54:17,153 [INFO] httpx: HTTP Request: GET http://127.0.0.1:8000/api/public/psychologist/1/slots?date=2026-07-08 "HTTP/1.1 200 OK"
2026-07-07 09:54:17,255 [INFO] httpx: HTTP Request: POST https://api.telegram.org/bot8882909267:AAFbTb_H_2j8XFn43eUHUWrx6oXpqFZoSwE/editMessageText "HTTP/1.1 200 OK"
2026-07-07 09:54:19,369 [INFO] httpx: HTTP Request: POST https://api.telegram.org/bot8882909267:AAFbTb_H_2j8XFn43eUHUWrx6oXpqFZoSwE/getUpdates "HTTP/1.1 200 OK"
2026-07-07 09:54:19,465 [INFO] httpx: HTTP Request: POST https://api.telegram.org/bot8882909267:AAFbTb_H_2j8XFn43eUHUWrx6oXpqFZoSwE/answerCallbackQuery "HTTP/1.1 200 OK"
2026-07-07 09:54:19,696 [INFO] httpx: HTTP Request: GET http://127.0.0.1:8000/api/public/psychologist/1/slots?date=2026-07-13 "HTTP/1.1 200 OK"
2026-07-07 09:54:19,774 [INFO] httpx: HTTP Request: POST https://api.telegram.org/bot8882909267:AAFbTb_H_2j8XFn43eUHUWrx6oXpqFZoSwE/editMessageText "HTTP/1.1 200 OK"
2026-07-07 09:54:21,925 [INFO] httpx: HTTP Request: POST https://api.telegram.org/bot8882909267:AAFbTb_H_2j8XFn43eUHUWrx6oXpqFZoSwE/getUpdates "HTTP/1.1 200 OK"
2026-07-07 09:54:21,972 [INFO] httpx: HTTP Request: POST https://api.telegram.org/bot8882909267:AAFbTb_H_2j8XFn43eUHUWrx6oXpqFZoSwE/answerCallbackQuery "HTTP/1.1 200 OK"
2026-07-07 09:54:22,036 [INFO] httpx: HTTP Request: POST https://api.telegram.org/bot8882909267:AAFbTb_H_2j8XFn43eUHUWrx6oXpqFZoSwE/editMessageText "HTTP/1.1 200 OK"
2026-07-07 09:54:23,782 [INFO] httpx: HTTP Request: POST https://api.telegram.org/bot8882909267:AAFbTb_H_2j8XFn43eUHUWrx6oXpqFZoSwE/getUpdates "HTTP/1.1 200 OK"
2026-07-07 09:54:23,833 [INFO] httpx: HTTP Request: POST https://api.telegram.org/bot8882909267:AAFbTb_H_2j8XFn43eUHUWrx6oXpqFZoSwE/answerCallbackQuery "HTTP/1.1 200 OK"
2026-07-07 09:54:24,081 [INFO] httpx: HTTP Request: POST http://127.0.0.1:8000/api/public/bookings "HTTP/1.1 200 OK"
2026-07-07 09:54:24,150 [INFO] httpx: HTTP Request: POST https://api.telegram.org/bot8882909267:AAFbTb_H_2j8XFn43eUHUWrx6oXpqFZoSwE/editMessageText "HTTP/1.1 200 OK"
2026-07-07 09:54:33,921 [INFO] httpx: HTTP Request: POST https://api.telegram.org/bot8882909267:AAFbTb_H_2j8XFn43eUHUWrx6oXpqFZoSwE/getUpdates "HTTP/1.1 200 OK"
2026-07-07 09:54:36,169 [INFO] httpx: HTTP Request: POST https://api.telegram.org/bot8882909267:AAFbTb_H_2j8XFn43eUHUWrx6oXpqFZoSwE/getUpdates "HTTP/1.1 200 OK"
2026-07-07 09:54:36,406 [INFO] httpx: HTTP Request: GET http://127.0.0.1:8000/api/public/clients/1665099911 "HTTP/1.1 200 OK"
2026-07-07 09:54:36,630 [INFO] httpx: HTTP Request: GET http://127.0.0.1:8000/api/public/psychologist/1/services "HTTP/1.1 200 OK"
2026-07-07 09:54:36,852 [INFO] httpx: HTTP Request: POST https://api.telegram.org/bot8882909267:AAFbTb_H_2j8XFn43eUHUWrx6oXpqFZoSwE/sendMessage "HTTP/1.1 200 OK"
2026-07-07 09:54:39,038 [INFO] httpx: HTTP Request: POST https://api.telegram.org/bot8882909267:AAFbTb_H_2j8XFn43eUHUWrx6oXpqFZoSwE/getUpdates "HTTP/1.1 200 OK"
2026-07-07 09:54:39,114 [INFO] httpx: HTTP Request: POST https://api.telegram.org/bot8882909267:AAFbTb_H_2j8XFn43eUHUWrx6oXpqFZoSwE/answerCallbackQuery "HTTP/1.1 200 OK"
2026-07-07 09:54:39,195 [INFO] httpx: HTTP Request: POST https://api.telegram.org/bot8882909267:AAFbTb_H_2j8XFn43eUHUWrx6oXpqFZoSwE/editMessageText "HTTP/1.1 200 OK"
2026-07-07 09:54:40,083 [INFO] httpx: HTTP Request: POST https://api.telegram.org/bot8882909267:AAFbTb_H_2j8XFn43eUHUWrx6oXpqFZoSwE/getUpdates "HTTP/1.1 200 OK"
2026-07-07 09:54:40,224 [INFO] httpx: HTTP Request: POST https://api.telegram.org/bot8882909267:AAFbTb_H_2j8XFn43eUHUWrx6oXpqFZoSwE/answerCallbackQuery "HTTP/1.1 200 OK"
2026-07-07 09:54:40,451 [INFO] httpx: HTTP Request: GET http://127.0.0.1:8000/api/public/psychologist/1/slots?date=2026-07-20 "HTTP/1.1 200 OK"
2026-07-07 09:54:40,519 [INFO] httpx: HTTP Request: POST https://api.telegram.org/bot8882909267:AAFbTb_H_2j8XFn43eUHUWrx6oXpqFZoSwE/editMessageText "HTTP/1.1 200 OK"
2026-07-07 09:54:41,414 [INFO] httpx: HTTP Request: POST https://api.telegram.org/bot8882909267:AAFbTb_H_2j8XFn43eUHUWrx6oXpqFZoSwE/getUpdates "HTTP/1.1 200 OK"
2026-07-07 09:54:41,460 [INFO] httpx: HTTP Request: POST https://api.telegram.org/bot8882909267:AAFbTb_H_2j8XFn43eUHUWrx6oXpqFZoSwE/answerCallbackQuery "HTTP/1.1 200 OK"
2026-07-07 09:54:41,520 [INFO] httpx: HTTP Request: POST https://api.telegram.org/bot8882909267:AAFbTb_H_2j8XFn43eUHUWrx6oXpqFZoSwE/editMessageText "HTTP/1.1 200 OK"
2026-07-07 09:54:43,082 [INFO] httpx: HTTP Request: POST https://api.telegram.org/bot8882909267:AAFbTb_H_2j8XFn43eUHUWrx6oXpqFZoSwE/getUpdates "HTTP/1.1 200 OK"
2026-07-07 09:54:43,250 [INFO] httpx: HTTP Request: POST https://api.telegram.org/bot8882909267:AAFbTb_H_2j8XFn43eUHUWrx6oXpqFZoSwE/answerCallbackQuery "HTTP/1.1 200 OK"
2026-07-07 09:54:43,509 [INFO] httpx: HTTP Request: POST http://127.0.0.1:8000/api/public/bookings "HTTP/1.1 200 OK"
2026-07-07 09:54:43,762 [INFO] httpx: HTTP Request: POST https://api.telegram.org/bot8882909267:AAFbTb_H_2j8XFn43eUHUWrx6oXpqFZoSwE/editMessageText "HTTP/1.1 200 OK"
2026-07-07 09:54:53,200 [INFO] httpx: HTTP Request: POST https://api.telegram.org/bot8882909267:AAFbTb_H_2j8XFn43eUHUWrx6oXpqFZoSwE/getUpdates "HTTP/1.1 200 OK"
2026-07-07 09:55:03,302 [INFO] httpx: HTTP Request: POST https://api.telegram.org/bot8882909267:AAFbTb_H_2j8XFn43eUHUWrx6oXpqFZoSwE/getUpdates "HTTP/1.1 200 OK"
2026-07-07 09:55:13,352 [INFO] httpx: HTTP Request: POST https://api.telegram.org/bot8882909267:AAFbTb_H_2j8XFn43eUHUWrx6oXpqFZoSwE/getUpdates "HTTP/1.1 200 OK"
2026-07-07 09:55:23,510 [INFO] httpx: HTTP Request: POST https://api.telegram.org/bot8882909267:AAFbTb_H_2j8XFn43eUHUWrx6oXpqFZoSwE/getUpdates "HTTP/1.1 200 OK"
2026-07-07 09:55:33,611 [INFO] httpx: HTTP Request: POST https://api.telegram.org/bot8882909267:AAFbTb_H_2j8XFn43eUHUWrx6oXpqFZoSwE/getUpdates "HTTP/1.1 200 OK"
2026-07-07 09:55:43,654 [INFO] httpx: HTTP Request: POST https://api.telegram.org/bot8882909267:AAFbTb_H_2j8XFn43eUHUWrx6oXpqFZoSwE/getUpdates "HTTP/1.1 200 OK"
2026-07-07 09:55:53,714 [INFO] httpx: HTTP Request: POST https://api.telegram.org/bot8882909267:AAFbTb_H_2j8XFn43eUHUWrx6oXpqFZoSwE/getUpdates "HTTP/1.1 200 OK"
2026-07-07 09:56:03,818 [INFO] httpx: HTTP Request: POST https://api.telegram.org/bot8882909267:AAFbTb_H_2j8XFn43eUHUWrx6oXpqFZoSwE/getUpdates "HTTP/1.1 200 OK"
2026-07-07 09:56:14,032 [INFO] httpx: HTTP Request: POST https://api.telegram.org/bot8882909267:AAFbTb_H_2j8XFn43eUHUWrx6oXpqFZoSwE/getUpdates "HTTP/1.1 200 OK"
2026-07-07 09:56:25,307 [INFO] httpx: HTTP Request: POST https://api.telegram.org/bot8882909267:AAFbTb_H_2j8XFn43eUHUWrx6oXpqFZoSwE/getUpdates "HTTP/1.1 200 OK"
2026-07-07 09:56:35,363 [INFO] httpx: HTTP Request: POST https://api.telegram.org/bot8882909267:AAFbTb_H_2j8XFn43eUHUWrx6oXpqFZoSwE/getUpdates "HTTP/1.1 200 OK"
2026-07-07 09:56:45,418 [INFO] httpx: HTTP Request: POST https://api.telegram.org/bot8882909267:AAFbTb_H_2j8XFn43eUHUWrx6oXpqFZoSwE/getUpdates "HTTP/1.1 200 OK"
2026-07-07 09:56:55,483 [INFO] httpx: HTTP Request: POST https://api.telegram.org/bot8882909267:AAFbTb_H_2j8XFn43eUHUWrx6oXpqFZoSwE/getUpdates "HTTP/1.1 200 OK"
2026-07-07 09:57:05,530 [INFO] httpx: HTTP Request: POST https://api.telegram.org/bot8882909267:AAFbTb_H_2j8XFn43eUHUWrx6oXpqFZoSwE/getUpdates "HTTP/1.1 200 OK"
2026-07-07 09:57:15,576 [INFO] httpx: HTTP Request: POST https://api.telegram.org/bot8882909267:AAFbTb_H_2j8XFn43eUHUWrx6oXpqFZoSwE/getUpdates "HTTP/1.1 200 OK"
2026-07-07 09:57:25,647 [INFO] httpx: HTTP Request: POST https://api.telegram.org/bot8882909267:AAFbTb_H_2j8XFn43eUHUWrx6oXpqFZoSwE/getUpdates "HTTP/1.1 200 OK"
2026-07-07 09:57:35,705 [INFO] httpx: HTTP Request: POST https://api.telegram.org/bot8882909267:AAFbTb_H_2j8XFn43eUHUWrx6oXpqFZoSwE/getUpdates "HTTP/1.1 200 OK"
2026-07-07 09:57:45,758 [INFO] httpx: HTTP Request: POST https://api.telegram.org/bot8882909267:AAFbTb_H_2j8XFn43eUHUWrx6oXpqFZoSwE/getUpdates "HTTP/1.1 200 OK"
2026-07-07 09:57:55,839 [INFO] httpx: HTTP Request: POST https://api.telegram.org/bot8882909267:AAFbTb_H_2j8XFn43eUHUWrx6oXpqFZoSwE/getUpdates "HTTP/1.1 200 OK"
2026-07-07 09:58:05,897 [INFO] httpx: HTTP Request: POST https://api.telegram.org/bot8882909267:AAFbTb_H_2j8XFn43eUHUWrx6oXpqFZoSwE/getUpdates "HTTP/1.1 200 OK"
2026-07-07 09:58:15,943 [INFO] httpx: HTTP Request: POST https://api.telegram.org/bot8882909267:AAFbTb_H_2j8XFn43eUHUWrx6oXpqFZoSwE/getUpdates "HTTP/1.1 200 OK"
2026-07-07 09:58:25,995 [INFO] httpx: HTTP Request: POST https://api.telegram.org/bot8882909267:AAFbTb_H_2j8XFn43eUHUWrx6oXpqFZoSwE/getUpdates "HTTP/1.1 200 OK"
2026-07-07 09:58:36,042 [INFO] httpx: HTTP Request: POST https://api.telegram.org/bot8882909267:AAFbTb_H_2j8XFn43eUHUWrx6oXpqFZoSwE/getUpdates "HTTP/1.1 200 OK"
2026-07-07 09:58:46,092 [INFO] httpx: HTTP Request: POST https://api.telegram.org/bot8882909267:AAFbTb_H_2j8XFn43eUHUWrx6oXpqFZoSwE/getUpdates "HTTP/1.1 200 OK"
2026-07-07 09:58:56,149 [INFO] httpx: HTTP Request: POST https://api.telegram.org/bot8882909267:AAFbTb_H_2j8XFn43eUHUWrx6oXpqFZoSwE/getUpdates "HTTP/1.1 200 OK"
2026-07-07 09:59:06,197 [INFO] httpx: HTTP Request: POST https://api.telegram.org/bot8882909267:AAFbTb_H_2j8XFn43eUHUWrx6oXpqFZoSwE/getUpdates "HTTP/1.1 200 OK"
2026-07-07 09:59:16,253 [INFO] httpx: HTTP Request: POST https://api.telegram.org/bot8882909267:AAFbTb_H_2j8XFn43eUHUWrx6oXpqFZoSwE/getUpdates "HTTP/1.1 200 OK"
2026-07-07 09:59:26,306 [INFO] httpx: HTTP Request: POST https://api.telegram.org/bot8882909267:AAFbTb_H_2j8XFn43eUHUWrx6oXpqFZoSwE/getUpdates "HTTP/1.1 200 OK"
2026-07-07 09:59:36,354 [INFO] httpx: HTTP Request: POST https://api.telegram.org/bot8882909267:AAFbTb_H_2j8XFn43eUHUWrx6oXpqFZoSwE/getUpdates "HTTP/1.1 200 OK"
2026-07-07 09:59:46,452 [INFO] httpx: HTTP Request: POST https://api.telegram.org/bot8882909267:AAFbTb_H_2j8XFn43eUHUWrx6oXpqFZoSwE/getUpdates "HTTP/1.1 200 OK"
2026-07-07 09:59:56,502 [INFO] httpx: HTTP Request: POST https://api.telegram.org/bot8882909267:AAFbTb_H_2j8XFn43eUHUWrx6oXpqFZoSwE/getUpdates "HTTP/1.1 200 OK"
2026-07-07 10:00:06,580 [INFO] httpx: HTTP Request: POST https://api.telegram.org/bot8882909267:AAFbTb_H_2j8XFn43eUHUWrx6oXpqFZoSwE/getUpdates "HTTP/1.1 200 OK"
2026-07-07 10:00:16,630 [INFO] httpx: HTTP Request: POST https://api.telegram.org/bot8882909267:AAFbTb_H_2j8XFn43eUHUWrx6oXpqFZoSwE/getUpdates "HTTP/1.1 200 OK"
2026-07-07 10:00:26,684 [INFO] httpx: HTTP Request: POST https://api.telegram.org/bot8882909267:AAFbTb_H_2j8XFn43eUHUWrx6oXpqFZoSwE/getUpdates "HTTP/1.1 200 OK"
2026-07-07 10:00:36,732 [INFO] httpx: HTTP Request: POST https://api.telegram.org/bot8882909267:AAFbTb_H_2j8XFn43eUHUWrx6oXpqFZoSwE/getUpdates "HTTP/1.1 200 OK"
2026-07-07 10:00:46,821 [INFO] httpx: HTTP Request: POST https://api.telegram.org/bot8882909267:AAFbTb_H_2j8XFn43eUHUWrx6oXpqFZoSwE/getUpdates "HTTP/1.1 200 OK"
2026-07-07 10:00:56,870 [INFO] httpx: HTTP Request: POST https://api.telegram.org/bot8882909267:AAFbTb_H_2j8XFn43eUHUWrx6oXpqFZoSwE/getUpdates "HTTP/1.1 200 OK"
2026-07-07 10:01:06,920 [INFO] httpx: HTTP Request: POST https://api.telegram.org/bot8882909267:AAFbTb_H_2j8XFn43eUHUWrx6oXpqFZoSwE/getUpdates "HTTP/1.1 200 OK"
2026-07-07 10:01:16,979 [INFO] httpx: HTTP Request: POST https://api.telegram.org/bot8882909267:AAFbTb_H_2j8XFn43eUHUWrx6oXpqFZoSwE/getUpdates "HTTP/1.1 200 OK"
2026-07-07 10:01:27,029 [INFO] httpx: HTTP Request: POST https://api.telegram.org/bot8882909267:AAFbTb_H_2j8XFn43eUHUWrx6oXpqFZoSwE/getUpdates "HTTP/1.1 200 OK"
2026-07-07 10:01:37,084 [INFO] httpx: HTTP Request: POST https://api.telegram.org/bot8882909267:AAFbTb_H_2j8XFn43eUHUWrx6oXpqFZoSwE/getUpdates "HTTP/1.1 200 OK"
2026-07-07 10:01:47,133 [INFO] httpx: HTTP Request: POST https://api.telegram.org/bot8882909267:AAFbTb_H_2j8XFn43eUHUWrx6oXpqFZoSwE/getUpdates "HTTP/1.1 200 OK"
2026-07-07 10:01:57,191 [INFO] httpx: HTTP Request: POST https://api.telegram.org/bot8882909267:AAFbTb_H_2j8XFn43eUHUWrx6oXpqFZoSwE/getUpdates "HTTP/1.1 200 OK"
2026-07-07 10:02:07,248 [INFO] httpx: HTTP Request: POST https://api.telegram.org/bot8882909267:AAFbTb_H_2j8XFn43eUHUWrx6oXpqFZoSwE/getUpdates "HTTP/1.1 200 OK"
2026-07-07 10:02:17,298 [INFO] httpx: HTTP Request: POST https://api.telegram.org/bot8882909267:AAFbTb_H_2j8XFn43eUHUWrx6oXpqFZoSwE/getUpdates "HTTP/1.1 200 OK"
2026-07-07 10:02:27,350 [INFO] httpx: HTTP Request: POST https://api.telegram.org/bot8882909267:AAFbTb_H_2j8XFn43eUHUWrx6oXpqFZoSwE/getUpdates "HTTP/1.1 200 OK"
2026-07-07 10:02:37,400 [INFO] httpx: HTTP Request: POST https://api.telegram.org/bot8882909267:AAFbTb_H_2j8XFn43eUHUWrx6oXpqFZoSwE/getUpdates "HTTP/1.1 200 OK"
2026-07-07 10:02:47,453 [INFO] httpx: HTTP Request: POST https://api.telegram.org/bot8882909267:AAFbTb_H_2j8XFn43eUHUWrx6oXpqFZoSwE/getUpdates "HTTP/1.1 200 OK"
2026-07-07 10:02:57,499 [INFO] httpx: HTTP Request: POST https://api.telegram.org/bot8882909267:AAFbTb_H_2j8XFn43eUHUWrx6oXpqFZoSwE/getUpdates "HTTP/1.1 200 OK"
2026-07-07 10:03:07,572 [INFO] httpx: HTTP Request: POST https://api.telegram.org/bot8882909267:AAFbTb_H_2j8XFn43eUHUWrx6oXpqFZoSwE/getUpdates "HTTP/1.1 200 OK"
2026-07-07 10:03:17,618 [INFO] httpx: HTTP Request: POST https://api.telegram.org/bot8882909267:AAFbTb_H_2j8XFn43eUHUWrx6oXpqFZoSwE/getUpdates "HTTP/1.1 200 OK"
2026-07-07 10:03:27,673 [INFO] httpx: HTTP Request: POST https://api.telegram.org/bot8882909267:AAFbTb_H_2j8XFn43eUHUWrx6oXpqFZoSwE/getUpdates "HTTP/1.1 200 OK"
2026-07-07 10:03:38,067 [INFO] httpx: HTTP Request: POST https://api.telegram.org/bot8882909267:AAFbTb_H_2j8XFn43eUHUWrx6oXpqFZoSwE/getUpdates "HTTP/1.1 200 OK"
2026-07-07 10:03:48,127 [INFO] httpx: HTTP Request: POST https://api.telegram.org/bot8882909267:AAFbTb_H_2j8XFn43eUHUWrx6oXpqFZoSwE/getUpdates "HTTP/1.1 200 OK"
2026-07-07 10:03:58,178 [INFO] httpx: HTTP Request: POST https://api.telegram.org/bot8882909267:AAFbTb_H_2j8XFn43eUHUWrx6oXpqFZoSwE/getUpdates "HTTP/1.1 200 OK"
2026-07-07 10:04:08,364 [INFO] httpx: HTTP Request: POST https://api.telegram.org/bot8882909267:AAFbTb_H_2j8XFn43eUHUWrx6oXpqFZoSwE/getUpdates "HTTP/1.1 200 OK"
2026-07-07 10:04:18,439 [INFO] httpx: HTTP Request: POST https://api.telegram.org/bot8882909267:AAFbTb_H_2j8XFn43eUHUWrx6oXpqFZoSwE/getUpdates "HTTP/1.1 200 OK"
2026-07-07 10:04:28,680 [INFO] httpx: HTTP Request: POST https://api.telegram.org/bot8882909267:AAFbTb_H_2j8XFn43eUHUWrx6oXpqFZoSwE/getUpdates "HTTP/1.1 200 OK"
2026-07-07 10:04:38,766 [INFO] httpx: HTTP Request: POST https://api.telegram.org/bot8882909267:AAFbTb_H_2j8XFn43eUHUWrx6oXpqFZoSwE/getUpdates "HTTP/1.1 200 OK"
2026-07-07 10:04:48,862 [INFO] httpx: HTTP Request: POST https://api.telegram.org/bot8882909267:AAFbTb_H_2j8XFn43eUHUWrx6oXpqFZoSwE/getUpdates "HTTP/1.1 200 OK"
2026-07-07 10:04:58,919 [INFO] httpx: HTTP Request: POST https://api.telegram.org/bot8882909267:AAFbTb_H_2j8XFn43eUHUWrx6oXpqFZoSwE/getUpdates "HTTP/1.1 200 OK"
2026-07-07 10:05:08,973 [INFO] httpx: HTTP Request: POST https://api.telegram.org/bot8882909267:AAFbTb_H_2j8XFn43eUHUWrx6oXpqFZoSwE/getUpdates "HTTP/1.1 200 OK"
2026-07-07 10:05:19,433 [INFO] httpx: HTTP Request: POST https://api.telegram.org/bot8882909267:AAFbTb_H_2j8XFn43eUHUWrx6oXpqFZoSwE/getUpdates "HTTP/1.1 200 OK"
2026-07-07 10:05:29,493 [INFO] httpx: HTTP Request: POST https://api.telegram.org/bot8882909267:AAFbTb_H_2j8XFn43eUHUWrx6oXpqFZoSwE/getUpdates "HTTP/1.1 200 OK"
2026-07-07 10:05:39,551 [INFO] httpx: HTTP Request: POST https://api.telegram.org/bot8882909267:AAFbTb_H_2j8XFn43eUHUWrx6oXpqFZoSwE/getUpdates "HTTP/1.1 200 OK"
2026-07-07 10:05:49,604 [INFO] httpx: HTTP Request: POST https://api.telegram.org/bot8882909267:AAFbTb_H_2j8XFn43eUHUWrx6oXpqFZoSwE/getUpdates "HTTP/1.1 200 OK"
2026-07-07 10:05:59,665 [INFO] httpx: HTTP Request: POST https://api.telegram.org/bot8882909267:AAFbTb_H_2j8XFn43eUHUWrx6oXpqFZoSwE/getUpdates "HTTP/1.1 200 OK"
2026-07-07 10:06:09,721 [INFO] httpx: HTTP Request: POST https://api.telegram.org/bot8882909267:AAFbTb_H_2j8XFn43eUHUWrx6oXpqFZoSwE/getUpdates "HTTP/1.1 200 OK"
2026-07-07 10:06:19,771 [INFO] httpx: HTTP Request: POST https://api.telegram.org/bot8882909267:AAFbTb_H_2j8XFn43eUHUWrx6oXpqFZoSwE/getUpdates "HTTP/1.1 200 OK"
2026-07-07 10:06:29,893 [INFO] httpx: HTTP Request: POST https://api.telegram.org/bot8882909267:AAFbTb_H_2j8XFn43eUHUWrx6oXpqFZoSwE/getUpdates "HTTP/1.1 200 OK"
2026-07-07 10:06:39,966 [INFO] httpx: HTTP Request: POST https://api.telegram.org/bot8882909267:AAFbTb_H_2j8XFn43eUHUWrx6oXpqFZoSwE/getUpdates "HTTP/1.1 200 OK"
2026-07-07 10:06:50,011 [INFO] httpx: HTTP Request: POST https://api.telegram.org/bot8882909267:AAFbTb_H_2j8XFn43eUHUWrx6oXpqFZoSwE/getUpdates "HTTP/1.1 200 OK"
2026-07-07 10:07:00,062 [INFO] httpx: HTTP Request: POST https://api.telegram.org/bot8882909267:AAFbTb_H_2j8XFn43eUHUWrx6oXpqFZoSwE/getUpdates "HTTP/1.1 200 OK"
2026-07-07 10:07:10,116 [INFO] httpx: HTTP Request: POST https://api.telegram.org/bot8882909267:AAFbTb_H_2j8XFn43eUHUWrx6oXpqFZoSwE/getUpdates "HTTP/1.1 200 OK"
2026-07-07 10:07:20,211 [INFO] httpx: HTTP Request: POST https://api.telegram.org/bot8882909267:AAFbTb_H_2j8XFn43eUHUWrx6oXpqFZoSwE/getUpdates "HTTP/1.1 200 OK"
2026-07-07 10:07:30,256 [INFO] httpx: HTTP Request: POST https://api.telegram.org/bot8882909267:AAFbTb_H_2j8XFn43eUHUWrx6oXpqFZoSwE/getUpdates "HTTP/1.1 200 OK"
2026-07-07 10:07:40,306 [INFO] httpx: HTTP Request: POST https://api.telegram.org/bot8882909267:AAFbTb_H_2j8XFn43eUHUWrx6oXpqFZoSwE/getUpdates "HTTP/1.1 200 OK"
2026-07-07 10:07:50,352 [INFO] httpx: HTTP Request: POST https://api.telegram.org/bot8882909267:AAFbTb_H_2j8XFn43eUHUWrx6oXpqFZoSwE/getUpdates "HTTP/1.1 200 OK"
2026-07-07 10:08:00,449 [INFO] httpx: HTTP Request: POST https://api.telegram.org/bot8882909267:AAFbTb_H_2j8XFn43eUHUWrx6oXpqFZoSwE/getUpdates "HTTP/1.1 200 OK"
2026-07-07 10:08:10,501 [INFO] httpx: HTTP Request: POST https://api.telegram.org/bot8882909267:AAFbTb_H_2j8XFn43eUHUWrx6oXpqFZoSwE/getUpdates "HTTP/1.1 200 OK"
2026-07-07 10:08:20,558 [INFO] httpx: HTTP Request: POST https://api.telegram.org/bot8882909267:AAFbTb_H_2j8XFn43eUHUWrx6oXpqFZoSwE/getUpdates "HTTP/1.1 200 OK"
2026-07-07 10:08:30,605 [INFO] httpx: HTTP Request: POST https://api.telegram.org/bot8882909267:AAFbTb_H_2j8XFn43eUHUWrx6oXpqFZoSwE/getUpdates "HTTP/1.1 200 OK"
2026-07-07 10:08:40,659 [INFO] httpx: HTTP Request: POST https://api.telegram.org/bot8882909267:AAFbTb_H_2j8XFn43eUHUWrx6oXpqFZoSwE/getUpdates "HTTP/1.1 200 OK"
2026-07-07 10:08:50,710 [INFO] httpx: HTTP Request: POST https://api.telegram.org/bot8882909267:AAFbTb_H_2j8XFn43eUHUWrx6oXpqFZoSwE/getUpdates "HTTP/1.1 200 OK"
2026-07-07 10:09:00,761 [INFO] httpx: HTTP Request: POST https://api.telegram.org/bot8882909267:AAFbTb_H_2j8XFn43eUHUWrx6oXpqFZoSwE/getUpdates "HTTP/1.1 200 OK"
2026-07-07 10:09:10,818 [INFO] httpx: HTTP Request: POST https://api.telegram.org/bot8882909267:AAFbTb_H_2j8XFn43eUHUWrx6oXpqFZoSwE/getUpdates "HTTP/1.1 200 OK"
2026-07-07 10:09:20,864 [INFO] httpx: HTTP Request: POST https://api.telegram.org/bot8882909267:AAFbTb_H_2j8XFn43eUHUWrx6oXpqFZoSwE/getUpdates "HTTP/1.1 200 OK"
2026-07-07 10:09:30,924 [INFO] httpx: HTTP Request: POST https://api.telegram.org/bot8882909267:AAFbTb_H_2j8XFn43eUHUWrx6oXpqFZoSwE/getUpdates "HTTP/1.1 200 OK"
2026-07-07 10:09:40,983 [INFO] httpx: HTTP Request: POST https://api.telegram.org/bot8882909267:AAFbTb_H_2j8XFn43eUHUWrx6oXpqFZoSwE/getUpdates "HTTP/1.1 200 OK"
2026-07-07 10:09:51,033 [INFO] httpx: HTTP Request: POST https://api.telegram.org/bot8882909267:AAFbTb_H_2j8XFn43eUHUWrx6oXpqFZoSwE/getUpdates "HTTP/1.1 200 OK"
2026-07-07 10:10:01,090 [INFO] httpx: HTTP Request: POST https://api.telegram.org/bot8882909267:AAFbTb_H_2j8XFn43eUHUWrx6oXpqFZoSwE/getUpdates "HTTP/1.1 200 OK"
2026-07-07 10:10:11,231 [INFO] httpx: HTTP Request: POST https://api.telegram.org/bot8882909267:AAFbTb_H_2j8XFn43eUHUWrx6oXpqFZoSwE/getUpdates "HTTP/1.1 200 OK"
2026-07-07 10:10:21,292 [INFO] httpx: HTTP Request: POST https://api.telegram.org/bot8882909267:AAFbTb_H_2j8XFn43eUHUWrx6oXpqFZoSwE/getUpdates "HTTP/1.1 200 OK"
2026-07-07 10:10:31,397 [INFO] httpx: HTTP Request: POST https://api.telegram.org/bot8882909267:AAFbTb_H_2j8XFn43eUHUWrx6oXpqFZoSwE/getUpdates "HTTP/1.1 200 OK"
2026-07-07 10:10:40,296 [INFO] httpx: HTTP Request: POST https://api.telegram.org/bot8882909267:AAFbTb_H_2j8XFn43eUHUWrx6oXpqFZoSwE/getUpdates "HTTP/1.1 200 OK"
2026-07-07 10:10:40,529 [INFO] httpx: HTTP Request: GET http://127.0.0.1:8000/api/public/clients/767322266 "HTTP/1.1 404 Not Found"
2026-07-07 10:10:40,689 [INFO] httpx: HTTP Request: POST https://api.telegram.org/bot8882909267:AAFbTb_H_2j8XFn43eUHUWrx6oXpqFZoSwE/sendMessage "HTTP/1.1 200 OK"
2026-07-07 10:10:42,703 [INFO] httpx: HTTP Request: POST https://api.telegram.org/bot8882909267:AAFbTb_H_2j8XFn43eUHUWrx6oXpqFZoSwE/getUpdates "HTTP/1.1 200 OK"
2026-07-07 10:10:42,931 [INFO] httpx: HTTP Request: GET http://127.0.0.1:8000/api/public/clients/767322266 "HTTP/1.1 404 Not Found"
2026-07-07 10:10:43,062 [INFO] httpx: HTTP Request: POST https://api.telegram.org/bot8882909267:AAFbTb_H_2j8XFn43eUHUWrx6oXpqFZoSwE/sendMessage "HTTP/1.1 200 OK"
2026-07-07 10:10:47,412 [INFO] httpx: HTTP Request: POST https://api.telegram.org/bot8882909267:AAFbTb_H_2j8XFn43eUHUWrx6oXpqFZoSwE/getUpdates "HTTP/1.1 200 OK"
2026-07-07 10:10:47,478 [INFO] httpx: HTTP Request: POST https://api.telegram.org/bot8882909267:AAFbTb_H_2j8XFn43eUHUWrx6oXpqFZoSwE/sendMessage "HTTP/1.1 200 OK"
2026-07-07 10:10:49,976 [INFO] httpx: HTTP Request: POST https://api.telegram.org/bot8882909267:AAFbTb_H_2j8XFn43eUHUWrx6oXpqFZoSwE/getUpdates "HTTP/1.1 200 OK"
2026-07-07 10:10:50,287 [INFO] httpx: HTTP Request: POST http://127.0.0.1:8000/api/public/clients/register "HTTP/1.1 200 OK"
2026-07-07 10:10:50,359 [INFO] httpx: HTTP Request: POST https://api.telegram.org/bot8882909267:AAFbTb_H_2j8XFn43eUHUWrx6oXpqFZoSwE/sendMessage "HTTP/1.1 200 OK"
2026-07-07 10:11:00,296 [INFO] httpx: HTTP Request: POST https://api.telegram.org/bot8882909267:AAFbTb_H_2j8XFn43eUHUWrx6oXpqFZoSwE/getUpdates "HTTP/1.1 200 OK"
2026-07-07 10:11:10,400 [INFO] httpx: HTTP Request: POST https://api.telegram.org/bot8882909267:AAFbTb_H_2j8XFn43eUHUWrx6oXpqFZoSwE/getUpdates "HTTP/1.1 200 OK"
2026-07-07 10:11:20,502 [INFO] httpx: HTTP Request: POST https://api.telegram.org/bot8882909267:AAFbTb_H_2j8XFn43eUHUWrx6oXpqFZoSwE/getUpdates "HTTP/1.1 200 OK"
2026-07-07 10:11:28,132 [INFO] httpx: HTTP Request: POST https://api.telegram.org/bot8882909267:AAFbTb_H_2j8XFn43eUHUWrx6oXpqFZoSwE/getUpdates "HTTP/1.1 200 OK"
2026-07-07 10:11:28,360 [INFO] httpx: HTTP Request: GET http://127.0.0.1:8000/api/public/clients/767322266 "HTTP/1.1 200 OK"
2026-07-07 10:11:28,585 [INFO] httpx: HTTP Request: GET http://127.0.0.1:8000/api/public/psychologist/1/services "HTTP/1.1 200 OK"
2026-07-07 10:11:28,745 [INFO] httpx: HTTP Request: POST https://api.telegram.org/bot8882909267:AAFbTb_H_2j8XFn43eUHUWrx6oXpqFZoSwE/sendMessage "HTTP/1.1 200 OK"
2026-07-07 10:11:31,018 [INFO] httpx: HTTP Request: POST https://api.telegram.org/bot8882909267:AAFbTb_H_2j8XFn43eUHUWrx6oXpqFZoSwE/getUpdates "HTTP/1.1 200 OK"
2026-07-07 10:11:31,082 [INFO] httpx: HTTP Request: POST https://api.telegram.org/bot8882909267:AAFbTb_H_2j8XFn43eUHUWrx6oXpqFZoSwE/answerCallbackQuery "HTTP/1.1 200 OK"
2026-07-07 10:11:31,152 [INFO] httpx: HTTP Request: POST https://api.telegram.org/bot8882909267:AAFbTb_H_2j8XFn43eUHUWrx6oXpqFZoSwE/editMessageText "HTTP/1.1 200 OK"
2026-07-07 10:11:39,265 [INFO] httpx: HTTP Request: POST https://api.telegram.org/bot8882909267:AAFbTb_H_2j8XFn43eUHUWrx6oXpqFZoSwE/getUpdates "HTTP/1.1 200 OK"
2026-07-07 10:11:39,411 [INFO] httpx: HTTP Request: POST https://api.telegram.org/bot8882909267:AAFbTb_H_2j8XFn43eUHUWrx6oXpqFZoSwE/answerCallbackQuery "HTTP/1.1 200 OK"
2026-07-07 10:11:39,642 [INFO] httpx: HTTP Request: GET http://127.0.0.1:8000/api/public/psychologist/1/slots?date=2026-07-07 "HTTP/1.1 200 OK"
2026-07-07 10:11:39,717 [INFO] httpx: HTTP Request: POST https://api.telegram.org/bot8882909267:AAFbTb_H_2j8XFn43eUHUWrx6oXpqFZoSwE/editMessageText "HTTP/1.1 200 OK"
2026-07-07 10:11:49,368 [INFO] httpx: HTTP Request: POST https://api.telegram.org/bot8882909267:AAFbTb_H_2j8XFn43eUHUWrx6oXpqFZoSwE/getUpdates "HTTP/1.1 200 OK"
2026-07-07 10:11:59,423 [INFO] httpx: HTTP Request: POST https://api.telegram.org/bot8882909267:AAFbTb_H_2j8XFn43eUHUWrx6oXpqFZoSwE/getUpdates "HTTP/1.1 200 OK"
2026-07-07 10:12:09,476 [INFO] httpx: HTTP Request: POST https://api.telegram.org/bot8882909267:AAFbTb_H_2j8XFn43eUHUWrx6oXpqFZoSwE/getUpdates "HTTP/1.1 200 OK"
2026-07-07 10:12:16,076 [INFO] httpx: HTTP Request: POST https://api.telegram.org/bot8882909267:AAFbTb_H_2j8XFn43eUHUWrx6oXpqFZoSwE/getUpdates "HTTP/1.1 200 OK"
2026-07-07 10:12:16,314 [INFO] httpx: HTTP Request: GET http://127.0.0.1:8000/api/public/clients/767322266/bookings "HTTP/1.1 200 OK"
2026-07-07 10:12:16,563 [INFO] httpx: HTTP Request: POST https://api.telegram.org/bot8882909267:AAFbTb_H_2j8XFn43eUHUWrx6oXpqFZoSwE/sendMessage "HTTP/1.1 200 OK"
2026-07-07 10:12:18,652 [INFO] httpx: HTTP Request: POST https://api.telegram.org/bot8882909267:AAFbTb_H_2j8XFn43eUHUWrx6oXpqFZoSwE/getUpdates "HTTP/1.1 200 OK"
2026-07-07 10:12:21,742 [INFO] httpx: HTTP Request: POST https://api.telegram.org/bot8882909267:AAFbTb_H_2j8XFn43eUHUWrx6oXpqFZoSwE/getUpdates "HTTP/1.1 200 OK"
2026-07-07 10:12:22,257 [INFO] httpx: HTTP Request: POST https://api.telegram.org/bot8882909267:AAFbTb_H_2j8XFn43eUHUWrx6oXpqFZoSwE/getUpdates "HTTP/1.1 200 OK"
2026-07-07 10:12:22,665 [INFO] httpx: HTTP Request: POST https://api.telegram.org/bot8882909267:AAFbTb_H_2j8XFn43eUHUWrx6oXpqFZoSwE/getUpdates "HTTP/1.1 200 OK"
2026-07-07 10:12:23,183 [INFO] httpx: HTTP Request: POST https://api.telegram.org/bot8882909267:AAFbTb_H_2j8XFn43eUHUWrx6oXpqFZoSwE/getUpdates "HTTP/1.1 200 OK"
2026-07-07 10:12:23,596 [INFO] httpx: HTTP Request: POST https://api.telegram.org/bot8882909267:AAFbTb_H_2j8XFn43eUHUWrx6oXpqFZoSwE/getUpdates "HTTP/1.1 200 OK"
2026-07-07 10:12:24,110 [INFO] httpx: HTTP Request: POST https://api.telegram.org/bot8882909267:AAFbTb_H_2j8XFn43eUHUWrx6oXpqFZoSwE/getUpdates "HTTP/1.1 200 OK"
2026-07-07 10:12:24,418 [INFO] httpx: HTTP Request: POST https://api.telegram.org/bot8882909267:AAFbTb_H_2j8XFn43eUHUWrx6oXpqFZoSwE/getUpdates "HTTP/1.1 200 OK"
2026-07-07 10:12:24,933 [INFO] httpx: HTTP Request: POST https://api.telegram.org/bot8882909267:AAFbTb_H_2j8XFn43eUHUWrx6oXpqFZoSwE/getUpdates "HTTP/1.1 200 OK"
2026-07-07 10:12:35,040 [INFO] httpx: HTTP Request: POST https://api.telegram.org/bot8882909267:AAFbTb_H_2j8XFn43eUHUWrx6oXpqFZoSwE/getUpdates "HTTP/1.1 200 OK"
2026-07-07 10:12:45,141 [INFO] httpx: HTTP Request: POST https://api.telegram.org/bot8882909267:AAFbTb_H_2j8XFn43eUHUWrx6oXpqFZoSwE/getUpdates "HTTP/1.1 200 OK"
2026-07-07 10:12:55,075 [INFO] httpx: HTTP Request: POST https://api.telegram.org/bot8882909267:AAFbTb_H_2j8XFn43eUHUWrx6oXpqFZoSwE/getUpdates "HTTP/1.1 200 OK"
2026-07-07 10:12:59,160 [INFO] httpx: HTTP Request: POST https://api.telegram.org/bot8882909267:AAFbTb_H_2j8XFn43eUHUWrx6oXpqFZoSwE/getUpdates "HTTP/1.1 200 OK"
2026-07-07 10:13:01,428 [INFO] httpx: HTTP Request: POST https://api.telegram.org/bot8882909267:AAFbTb_H_2j8XFn43eUHUWrx6oXpqFZoSwE/getUpdates "HTTP/1.1 200 OK"
2026-07-07 10:13:01,489 [INFO] httpx: HTTP Request: POST https://api.telegram.org/bot8882909267:AAFbTb_H_2j8XFn43eUHUWrx6oXpqFZoSwE/getUpdates "HTTP/1.1 200 OK"
2026-07-07 10:13:01,657 [INFO] httpx: HTTP Request: POST https://api.telegram.org/bot8882909267:AAFbTb_H_2j8XFn43eUHUWrx6oXpqFZoSwE/getUpdates "HTTP/1.1 200 OK"
2026-07-07 10:13:01,824 [INFO] httpx: HTTP Request: POST https://api.telegram.org/bot8882909267:AAFbTb_H_2j8XFn43eUHUWrx6oXpqFZoSwE/getUpdates "HTTP/1.1 200 OK"
2026-07-07 10:13:01,986 [INFO] httpx: HTTP Request: POST https://api.telegram.org/bot8882909267:AAFbTb_H_2j8XFn43eUHUWrx6oXpqFZoSwE/getUpdates "HTTP/1.1 200 OK"
2026-07-07 10:13:02,165 [INFO] httpx: HTTP Request: POST https://api.telegram.org/bot8882909267:AAFbTb_H_2j8XFn43eUHUWrx6oXpqFZoSwE/getUpdates "HTTP/1.1 200 OK"
2026-07-07 10:13:02,311 [INFO] httpx: HTTP Request: POST https://api.telegram.org/bot8882909267:AAFbTb_H_2j8XFn43eUHUWrx6oXpqFZoSwE/getUpdates "HTTP/1.1 200 OK"
2026-07-07 10:13:02,483 [INFO] httpx: HTTP Request: POST https://api.telegram.org/bot8882909267:AAFbTb_H_2j8XFn43eUHUWrx6oXpqFZoSwE/getUpdates "HTTP/1.1 200 OK"
2026-07-07 10:13:02,632 [INFO] httpx: HTTP Request: POST https://api.telegram.org/bot8882909267:AAFbTb_H_2j8XFn43eUHUWrx6oXpqFZoSwE/getUpdates "HTTP/1.1 200 OK"
2026-07-07 10:13:02,778 [INFO] httpx: HTTP Request: POST https://api.telegram.org/bot8882909267:AAFbTb_H_2j8XFn43eUHUWrx6oXpqFZoSwE/getUpdates "HTTP/1.1 200 OK"
2026-07-07 10:13:02,962 [INFO] httpx: HTTP Request: POST https://api.telegram.org/bot8882909267:AAFbTb_H_2j8XFn43eUHUWrx6oXpqFZoSwE/getUpdates "HTTP/1.1 200 OK"
2026-07-07 10:13:03,135 [INFO] httpx: HTTP Request: POST https://api.telegram.org/bot8882909267:AAFbTb_H_2j8XFn43eUHUWrx6oXpqFZoSwE/getUpdates "HTTP/1.1 200 OK"
2026-07-07 10:13:03,292 [INFO] httpx: HTTP Request: POST https://api.telegram.org/bot8882909267:AAFbTb_H_2j8XFn43eUHUWrx6oXpqFZoSwE/getUpdates "HTTP/1.1 200 OK"
2026-07-07 10:13:03,470 [INFO] httpx: HTTP Request: POST https://api.telegram.org/bot8882909267:AAFbTb_H_2j8XFn43eUHUWrx6oXpqFZoSwE/getUpdates "HTTP/1.1 200 OK"
2026-07-07 10:13:03,660 [INFO] httpx: HTTP Request: POST https://api.telegram.org/bot8882909267:AAFbTb_H_2j8XFn43eUHUWrx6oXpqFZoSwE/getUpdates "HTTP/1.1 200 OK"
2026-07-07 10:13:03,790 [INFO] httpx: HTTP Request: POST https://api.telegram.org/bot8882909267:AAFbTb_H_2j8XFn43eUHUWrx6oXpqFZoSwE/getUpdates "HTTP/1.1 200 OK"
2026-07-07 10:13:03,947 [INFO] httpx: HTTP Request: POST https://api.telegram.org/bot8882909267:AAFbTb_H_2j8XFn43eUHUWrx6oXpqFZoSwE/getUpdates "HTTP/1.1 200 OK"
2026-07-07 10:13:04,158 [INFO] httpx: HTTP Request: POST https://api.telegram.org/bot8882909267:AAFbTb_H_2j8XFn43eUHUWrx6oXpqFZoSwE/getUpdates "HTTP/1.1 200 OK"
2026-07-07 10:13:04,297 [INFO] httpx: HTTP Request: POST https://api.telegram.org/bot8882909267:AAFbTb_H_2j8XFn43eUHUWrx6oXpqFZoSwE/getUpdates "HTTP/1.1 200 OK"
2026-07-07 10:13:04,470 [INFO] httpx: HTTP Request: POST https://api.telegram.org/bot8882909267:AAFbTb_H_2j8XFn43eUHUWrx6oXpqFZoSwE/getUpdates "HTTP/1.1 200 OK"
2026-07-07 10:13:04,656 [INFO] httpx: HTTP Request: POST https://api.telegram.org/bot8882909267:AAFbTb_H_2j8XFn43eUHUWrx6oXpqFZoSwE/getUpdates "HTTP/1.1 200 OK"
2026-07-07 10:13:04,783 [INFO] httpx: HTTP Request: POST https://api.telegram.org/bot8882909267:AAFbTb_H_2j8XFn43eUHUWrx6oXpqFZoSwE/getUpdates "HTTP/1.1 200 OK"
2026-07-07 10:13:04,975 [INFO] httpx: HTTP Request: POST https://api.telegram.org/bot8882909267:AAFbTb_H_2j8XFn43eUHUWrx6oXpqFZoSwE/getUpdates "HTTP/1.1 200 OK"
2026-07-07 10:13:05,157 [INFO] httpx: HTTP Request: POST https://api.telegram.org/bot8882909267:AAFbTb_H_2j8XFn43eUHUWrx6oXpqFZoSwE/getUpdates "HTTP/1.1 200 OK"
2026-07-07 10:13:05,328 [INFO] httpx: HTTP Request: POST https://api.telegram.org/bot8882909267:AAFbTb_H_2j8XFn43eUHUWrx6oXpqFZoSwE/getUpdates "HTTP/1.1 200 OK"
2026-07-07 10:13:05,676 [INFO] httpx: HTTP Request: POST https://api.telegram.org/bot8882909267:AAFbTb_H_2j8XFn43eUHUWrx6oXpqFZoSwE/getUpdates "HTTP/1.1 200 OK"
2026-07-07 10:13:05,742 [INFO] httpx: HTTP Request: POST https://api.telegram.org/bot8882909267:AAFbTb_H_2j8XFn43eUHUWrx6oXpqFZoSwE/getUpdates "HTTP/1.1 200 OK"
2026-07-07 10:13:05,822 [INFO] httpx: HTTP Request: POST https://api.telegram.org/bot8882909267:AAFbTb_H_2j8XFn43eUHUWrx6oXpqFZoSwE/getUpdates "HTTP/1.1 200 OK"
2026-07-07 10:13:06,377 [INFO] httpx: HTTP Request: POST https://api.telegram.org/bot8882909267:AAFbTb_H_2j8XFn43eUHUWrx6oXpqFZoSwE/getUpdates "HTTP/1.1 200 OK"
2026-07-07 10:13:06,444 [INFO] httpx: HTTP Request: POST https://api.telegram.org/bot8882909267:AAFbTb_H_2j8XFn43eUHUWrx6oXpqFZoSwE/getUpdates "HTTP/1.1 200 OK"
2026-07-07 10:13:06,494 [INFO] httpx: HTTP Request: POST https://api.telegram.org/bot8882909267:AAFbTb_H_2j8XFn43eUHUWrx6oXpqFZoSwE/getUpdates "HTTP/1.1 200 OK"
2026-07-07 10:13:06,660 [INFO] httpx: HTTP Request: POST https://api.telegram.org/bot8882909267:AAFbTb_H_2j8XFn43eUHUWrx6oXpqFZoSwE/getUpdates "HTTP/1.1 200 OK"
2026-07-07 10:13:06,815 [INFO] httpx: HTTP Request: POST https://api.telegram.org/bot8882909267:AAFbTb_H_2j8XFn43eUHUWrx6oXpqFZoSwE/getUpdates "HTTP/1.1 200 OK"
2026-07-07 10:13:06,972 [INFO] httpx: HTTP Request: POST https://api.telegram.org/bot8882909267:AAFbTb_H_2j8XFn43eUHUWrx6oXpqFZoSwE/getUpdates "HTTP/1.1 200 OK"
2026-07-07 10:13:07,163 [INFO] httpx: HTTP Request: POST https://api.telegram.org/bot8882909267:AAFbTb_H_2j8XFn43eUHUWrx6oXpqFZoSwE/getUpdates "HTTP/1.1 200 OK"
2026-07-07 10:13:07,332 [INFO] httpx: HTTP Request: POST https://api.telegram.org/bot8882909267:AAFbTb_H_2j8XFn43eUHUWrx6oXpqFZoSwE/getUpdates "HTTP/1.1 200 OK"
2026-07-07 10:13:07,517 [INFO] httpx: HTTP Request: POST https://api.telegram.org/bot8882909267:AAFbTb_H_2j8XFn43eUHUWrx6oXpqFZoSwE/getUpdates "HTTP/1.1 200 OK"
2026-07-07 10:13:07,701 [INFO] httpx: HTTP Request: POST https://api.telegram.org/bot8882909267:AAFbTb_H_2j8XFn43eUHUWrx6oXpqFZoSwE/getUpdates "HTTP/1.1 200 OK"
2026-07-07 10:13:07,846 [INFO] httpx: HTTP Request: POST https://api.telegram.org/bot8882909267:AAFbTb_H_2j8XFn43eUHUWrx6oXpqFZoSwE/getUpdates "HTTP/1.1 200 OK"
2026-07-07 10:13:07,973 [INFO] httpx: HTTP Request: POST https://api.telegram.org/bot8882909267:AAFbTb_H_2j8XFn43eUHUWrx6oXpqFZoSwE/getUpdates "HTTP/1.1 200 OK"
2026-07-07 10:13:11,737 [INFO] httpx: HTTP Request: POST https://api.telegram.org/bot8882909267:AAFbTb_H_2j8XFn43eUHUWrx6oXpqFZoSwE/getUpdates "HTTP/1.1 200 OK"
2026-07-07 10:13:11,963 [INFO] httpx: HTTP Request: GET http://127.0.0.1:8000/api/public/clients/767322266/bookings "HTTP/1.1 200 OK"
2026-07-07 10:13:12,131 [INFO] httpx: HTTP Request: POST https://api.telegram.org/bot8882909267:AAFbTb_H_2j8XFn43eUHUWrx6oXpqFZoSwE/sendMessage "HTTP/1.1 200 OK"
2026-07-07 10:13:13,077 [INFO] httpx: HTTP Request: POST https://api.telegram.org/bot8882909267:AAFbTb_H_2j8XFn43eUHUWrx6oXpqFZoSwE/getUpdates "HTTP/1.1 200 OK"
2026-07-07 10:13:13,303 [INFO] httpx: HTTP Request: GET http://127.0.0.1:8000/api/public/clients/767322266/bookings "HTTP/1.1 200 OK"
2026-07-07 10:13:13,383 [INFO] httpx: HTTP Request: POST https://api.telegram.org/bot8882909267:AAFbTb_H_2j8XFn43eUHUWrx6oXpqFZoSwE/sendMessage "HTTP/1.1 200 OK"
2026-07-07 10:13:14,624 [INFO] httpx: HTTP Request: POST https://api.telegram.org/bot8882909267:AAFbTb_H_2j8XFn43eUHUWrx6oXpqFZoSwE/getUpdates "HTTP/1.1 200 OK"
2026-07-07 10:13:24,727 [INFO] httpx: HTTP Request: POST https://api.telegram.org/bot8882909267:AAFbTb_H_2j8XFn43eUHUWrx6oXpqFZoSwE/getUpdates "HTTP/1.1 200 OK"
2026-07-07 10:13:27,559 [INFO] httpx: HTTP Request: POST https://api.telegram.org/bot8882909267:AAFbTb_H_2j8XFn43eUHUWrx6oXpqFZoSwE/getUpdates "HTTP/1.1 200 OK"
2026-07-07 10:13:27,819 [INFO] httpx: HTTP Request: GET http://127.0.0.1:8000/api/public/clients/1665099911 "HTTP/1.1 200 OK"
2026-07-07 10:13:28,052 [INFO] httpx: HTTP Request: GET http://127.0.0.1:8000/api/public/psychologist/1/services "HTTP/1.1 200 OK"
2026-07-07 10:13:28,258 [INFO] httpx: HTTP Request: POST https://api.telegram.org/bot8882909267:AAFbTb_H_2j8XFn43eUHUWrx6oXpqFZoSwE/sendMessage "HTTP/1.1 200 OK"
2026-07-07 10:13:29,659 [INFO] httpx: HTTP Request: POST https://api.telegram.org/bot8882909267:AAFbTb_H_2j8XFn43eUHUWrx6oXpqFZoSwE/getUpdates "HTTP/1.1 200 OK"
2026-07-07 10:13:29,714 [INFO] httpx: HTTP Request: POST https://api.telegram.org/bot8882909267:AAFbTb_H_2j8XFn43eUHUWrx6oXpqFZoSwE/answerCallbackQuery "HTTP/1.1 200 OK"
2026-07-07 10:13:29,776 [INFO] httpx: HTTP Request: POST https://api.telegram.org/bot8882909267:AAFbTb_H_2j8XFn43eUHUWrx6oXpqFZoSwE/editMessageText "HTTP/1.1 200 OK"
2026-07-07 10:13:30,758 [INFO] httpx: HTTP Request: POST https://api.telegram.org/bot8882909267:AAFbTb_H_2j8XFn43eUHUWrx6oXpqFZoSwE/getUpdates "HTTP/1.1 200 OK"
2026-07-07 10:13:30,811 [INFO] httpx: HTTP Request: POST https://api.telegram.org/bot8882909267:AAFbTb_H_2j8XFn43eUHUWrx6oXpqFZoSwE/answerCallbackQuery "HTTP/1.1 200 OK"
2026-07-07 10:13:31,053 [INFO] httpx: HTTP Request: GET http://127.0.0.1:8000/api/public/psychologist/1/slots?date=2026-07-15 "HTTP/1.1 200 OK"
2026-07-07 10:13:31,117 [INFO] httpx: HTTP Request: POST https://api.telegram.org/bot8882909267:AAFbTb_H_2j8XFn43eUHUWrx6oXpqFZoSwE/editMessageText "HTTP/1.1 200 OK"
2026-07-07 10:13:32,393 [INFO] httpx: HTTP Request: POST https://api.telegram.org/bot8882909267:AAFbTb_H_2j8XFn43eUHUWrx6oXpqFZoSwE/getUpdates "HTTP/1.1 200 OK"
2026-07-07 10:13:32,652 [INFO] httpx: HTTP Request: GET http://127.0.0.1:8000/api/public/clients/1665099911/bookings "HTTP/1.1 200 OK"
2026-07-07 10:13:32,834 [INFO] httpx: HTTP Request: POST https://api.telegram.org/bot8882909267:AAFbTb_H_2j8XFn43eUHUWrx6oXpqFZoSwE/sendMessage "HTTP/1.1 200 OK"
2026-07-07 10:13:35,227 [INFO] httpx: HTTP Request: POST https://api.telegram.org/bot8882909267:AAFbTb_H_2j8XFn43eUHUWrx6oXpqFZoSwE/getUpdates "HTTP/1.1 200 OK"
2026-07-07 10:13:36,572 [INFO] httpx: HTTP Request: POST https://api.telegram.org/bot8882909267:AAFbTb_H_2j8XFn43eUHUWrx6oXpqFZoSwE/getUpdates "HTTP/1.1 200 OK"
2026-07-07 10:13:36,864 [INFO] httpx: HTTP Request: POST https://api.telegram.org/bot8882909267:AAFbTb_H_2j8XFn43eUHUWrx6oXpqFZoSwE/getUpdates "HTTP/1.1 200 OK"
2026-07-07 10:13:37,057 [INFO] httpx: HTTP Request: POST https://api.telegram.org/bot8882909267:AAFbTb_H_2j8XFn43eUHUWrx6oXpqFZoSwE/getUpdates "HTTP/1.1 200 OK"
2026-07-07 10:13:37,205 [INFO] httpx: HTTP Request: POST https://api.telegram.org/bot8882909267:AAFbTb_H_2j8XFn43eUHUWrx6oXpqFZoSwE/getUpdates "HTTP/1.1 200 OK"
2026-07-07 10:13:37,377 [INFO] httpx: HTTP Request: POST https://api.telegram.org/bot8882909267:AAFbTb_H_2j8XFn43eUHUWrx6oXpqFZoSwE/getUpdates "HTTP/1.1 200 OK"
2026-07-07 10:13:37,510 [INFO] httpx: HTTP Request: POST https://api.telegram.org/bot8882909267:AAFbTb_H_2j8XFn43eUHUWrx6oXpqFZoSwE/getUpdates "HTTP/1.1 200 OK"
2026-07-07 10:13:37,645 [INFO] httpx: HTTP Request: POST https://api.telegram.org/bot8882909267:AAFbTb_H_2j8XFn43eUHUWrx6oXpqFZoSwE/getUpdates "HTTP/1.1 200 OK"
2026-07-07 10:13:37,798 [INFO] httpx: HTTP Request: POST https://api.telegram.org/bot8882909267:AAFbTb_H_2j8XFn43eUHUWrx6oXpqFZoSwE/getUpdates "HTTP/1.1 200 OK"
2026-07-07 10:13:37,914 [INFO] httpx: HTTP Request: POST https://api.telegram.org/bot8882909267:AAFbTb_H_2j8XFn43eUHUWrx6oXpqFZoSwE/getUpdates "HTTP/1.1 200 OK"
2026-07-07 10:13:38,193 [INFO] httpx: HTTP Request: POST https://api.telegram.org/bot8882909267:AAFbTb_H_2j8XFn43eUHUWrx6oXpqFZoSwE/getUpdates "HTTP/1.1 200 OK"
2026-07-07 10:13:38,403 [INFO] httpx: HTTP Request: POST https://api.telegram.org/bot8882909267:AAFbTb_H_2j8XFn43eUHUWrx6oXpqFZoSwE/getUpdates "HTTP/1.1 200 OK"
2026-07-07 10:13:38,501 [INFO] httpx: HTTP Request: POST https://api.telegram.org/bot8882909267:AAFbTb_H_2j8XFn43eUHUWrx6oXpqFZoSwE/getUpdates "HTTP/1.1 200 OK"
2026-07-07 10:13:38,633 [INFO] httpx: HTTP Request: POST https://api.telegram.org/bot8882909267:AAFbTb_H_2j8XFn43eUHUWrx6oXpqFZoSwE/getUpdates "HTTP/1.1 200 OK"
2026-07-07 10:13:38,765 [INFO] httpx: HTTP Request: POST https://api.telegram.org/bot8882909267:AAFbTb_H_2j8XFn43eUHUWrx6oXpqFZoSwE/getUpdates "HTTP/1.1 200 OK"
2026-07-07 10:13:38,937 [INFO] httpx: HTTP Request: POST https://api.telegram.org/bot8882909267:AAFbTb_H_2j8XFn43eUHUWrx6oXpqFZoSwE/getUpdates "HTTP/1.1 200 OK"
2026-07-07 10:13:39,114 [INFO] httpx: HTTP Request: POST https://api.telegram.org/bot8882909267:AAFbTb_H_2j8XFn43eUHUWrx6oXpqFZoSwE/getUpdates "HTTP/1.1 200 OK"
2026-07-07 10:13:39,244 [INFO] httpx: HTTP Request: POST https://api.telegram.org/bot8882909267:AAFbTb_H_2j8XFn43eUHUWrx6oXpqFZoSwE/getUpdates "HTTP/1.1 200 OK"
2026-07-07 10:13:39,359 [INFO] httpx: HTTP Request: POST https://api.telegram.org/bot8882909267:AAFbTb_H_2j8XFn43eUHUWrx6oXpqFZoSwE/getUpdates "HTTP/1.1 200 OK"
2026-07-07 10:13:39,499 [INFO] httpx: HTTP Request: POST https://api.telegram.org/bot8882909267:AAFbTb_H_2j8XFn43eUHUWrx6oXpqFZoSwE/getUpdates "HTTP/1.1 200 OK"
2026-07-07 10:13:39,668 [INFO] httpx: HTTP Request: POST https://api.telegram.org/bot8882909267:AAFbTb_H_2j8XFn43eUHUWrx6oXpqFZoSwE/getUpdates "HTTP/1.1 200 OK"
2026-07-07 10:13:39,780 [INFO] httpx: HTTP Request: POST https://api.telegram.org/bot8882909267:AAFbTb_H_2j8XFn43eUHUWrx6oXpqFZoSwE/getUpdates "HTTP/1.1 200 OK"
2026-07-07 10:13:39,950 [INFO] httpx: HTTP Request: POST https://api.telegram.org/bot8882909267:AAFbTb_H_2j8XFn43eUHUWrx6oXpqFZoSwE/getUpdates "HTTP/1.1 200 OK"
2026-07-07 10:13:40,142 [INFO] httpx: HTTP Request: POST https://api.telegram.org/bot8882909267:AAFbTb_H_2j8XFn43eUHUWrx6oXpqFZoSwE/getUpdates "HTTP/1.1 200 OK"
2026-07-07 10:13:50,220 [INFO] httpx: HTTP Request: POST https://api.telegram.org/bot8882909267:AAFbTb_H_2j8XFn43eUHUWrx6oXpqFZoSwE/getUpdates "HTTP/1.1 200 OK"
2026-07-07 10:14:00,087 [INFO] httpx: HTTP Request: POST https://api.telegram.org/bot8882909267:AAFbTb_H_2j8XFn43eUHUWrx6oXpqFZoSwE/getUpdates "HTTP/1.1 200 OK"
2026-07-07 10:14:01,530 [INFO] httpx: HTTP Request: POST https://api.telegram.org/bot8882909267:AAFbTb_H_2j8XFn43eUHUWrx6oXpqFZoSwE/getUpdates "HTTP/1.1 200 OK"
2026-07-07 10:14:01,778 [INFO] httpx: HTTP Request: GET http://127.0.0.1:8000/api/public/clients/767322266/bookings "HTTP/1.1 200 OK"
2026-07-07 10:14:01,963 [INFO] httpx: HTTP Request: POST https://api.telegram.org/bot8882909267:AAFbTb_H_2j8XFn43eUHUWrx6oXpqFZoSwE/sendMessage "HTTP/1.1 200 OK"
2026-07-07 10:14:07,510 [INFO] httpx: HTTP Request: POST https://api.telegram.org/bot8882909267:AAFbTb_H_2j8XFn43eUHUWrx6oXpqFZoSwE/getUpdates "HTTP/1.1 200 OK"
2026-07-07 10:14:07,665 [INFO] httpx: HTTP Request: POST https://api.telegram.org/bot8882909267:AAFbTb_H_2j8XFn43eUHUWrx6oXpqFZoSwE/answerCallbackQuery "HTTP/1.1 200 OK"
2026-07-07 10:14:07,733 [INFO] httpx: HTTP Request: POST https://api.telegram.org/bot8882909267:AAFbTb_H_2j8XFn43eUHUWrx6oXpqFZoSwE/editMessageText "HTTP/1.1 200 OK"
2026-07-07 10:14:09,159 [INFO] httpx: HTTP Request: POST https://api.telegram.org/bot8882909267:AAFbTb_H_2j8XFn43eUHUWrx6oXpqFZoSwE/getUpdates "HTTP/1.1 200 OK"
2026-07-07 10:14:09,224 [INFO] httpx: HTTP Request: POST https://api.telegram.org/bot8882909267:AAFbTb_H_2j8XFn43eUHUWrx6oXpqFZoSwE/answerCallbackQuery "HTTP/1.1 200 OK"
2026-07-07 10:14:09,486 [INFO] httpx: HTTP Request: POST http://127.0.0.1:8000/api/public/bookings "HTTP/1.1 200 OK"
2026-07-07 10:14:09,881 [INFO] httpx: HTTP Request: POST https://api.telegram.org/bot8882909267:AAFbTb_H_2j8XFn43eUHUWrx6oXpqFZoSwE/editMessageText "HTTP/1.1 200 OK"
2026-07-07 10:14:11,136 [INFO] httpx: HTTP Request: POST https://api.telegram.org/bot8882909267:AAFbTb_H_2j8XFn43eUHUWrx6oXpqFZoSwE/getUpdates "HTTP/1.1 200 OK"
2026-07-07 10:14:11,376 [INFO] httpx: HTTP Request: GET http://127.0.0.1:8000/api/public/clients/767322266 "HTTP/1.1 200 OK"
2026-07-07 10:14:11,605 [INFO] httpx: HTTP Request: GET http://127.0.0.1:8000/api/public/psychologist/1/services "HTTP/1.1 200 OK"
2026-07-07 10:14:11,683 [INFO] httpx: HTTP Request: POST https://api.telegram.org/bot8882909267:AAFbTb_H_2j8XFn43eUHUWrx6oXpqFZoSwE/sendMessage "HTTP/1.1 200 OK"
2026-07-07 10:14:21,529 [INFO] httpx: HTTP Request: POST https://api.telegram.org/bot8882909267:AAFbTb_H_2j8XFn43eUHUWrx6oXpqFZoSwE/getUpdates "HTTP/1.1 200 OK"
2026-07-07 10:14:24,006 [INFO] httpx: HTTP Request: POST https://api.telegram.org/bot8882909267:AAFbTb_H_2j8XFn43eUHUWrx6oXpqFZoSwE/getUpdates "HTTP/1.1 200 OK"
2026-07-07 10:14:24,174 [INFO] httpx: HTTP Request: POST https://api.telegram.org/bot8882909267:AAFbTb_H_2j8XFn43eUHUWrx6oXpqFZoSwE/answerCallbackQuery "HTTP/1.1 200 OK"
2026-07-07 10:14:24,420 [INFO] httpx: HTTP Request: GET http://127.0.0.1:8000/api/public/psychologist/1/slots?date=2026-07-17 "HTTP/1.1 200 OK"
2026-07-07 10:14:24,560 [INFO] httpx: HTTP Request: POST https://api.telegram.org/bot8882909267:AAFbTb_H_2j8XFn43eUHUWrx6oXpqFZoSwE/editMessageText "HTTP/1.1 200 OK"
2026-07-07 10:14:26,853 [INFO] httpx: HTTP Request: POST https://api.telegram.org/bot8882909267:AAFbTb_H_2j8XFn43eUHUWrx6oXpqFZoSwE/getUpdates "HTTP/1.1 200 OK"
2026-07-07 10:14:26,919 [INFO] httpx: HTTP Request: POST https://api.telegram.org/bot8882909267:AAFbTb_H_2j8XFn43eUHUWrx6oXpqFZoSwE/answerCallbackQuery "HTTP/1.1 200 OK"
2026-07-07 10:14:26,985 [INFO] httpx: HTTP Request: POST https://api.telegram.org/bot8882909267:AAFbTb_H_2j8XFn43eUHUWrx6oXpqFZoSwE/editMessageText "HTTP/1.1 200 OK"
2026-07-07 10:14:30,853 [INFO] httpx: HTTP Request: POST https://api.telegram.org/bot8882909267:AAFbTb_H_2j8XFn43eUHUWrx6oXpqFZoSwE/getUpdates "HTTP/1.1 200 OK"
2026-07-07 10:14:30,909 [INFO] httpx: HTTP Request: POST https://api.telegram.org/bot8882909267:AAFbTb_H_2j8XFn43eUHUWrx6oXpqFZoSwE/answerCallbackQuery "HTTP/1.1 200 OK"
2026-07-07 10:14:31,182 [INFO] httpx: HTTP Request: POST http://127.0.0.1:8000/api/public/bookings "HTTP/1.1 200 OK"
2026-07-07 10:14:31,261 [INFO] httpx: HTTP Request: POST https://api.telegram.org/bot8882909267:AAFbTb_H_2j8XFn43eUHUWrx6oXpqFZoSwE/editMessageText "HTTP/1.1 200 OK"
2026-07-07 10:14:37,685 [INFO] httpx: HTTP Request: POST https://api.telegram.org/bot8882909267:AAFbTb_H_2j8XFn43eUHUWrx6oXpqFZoSwE/getUpdates "HTTP/1.1 200 OK"
2026-07-07 10:14:37,941 [INFO] httpx: HTTP Request: GET http://127.0.0.1:8000/api/public/clients/1665099911 "HTTP/1.1 200 OK"
2026-07-07 10:14:38,170 [INFO] httpx: HTTP Request: GET http://127.0.0.1:8000/api/public/psychologist/1/services "HTTP/1.1 200 OK"
2026-07-07 10:14:38,340 [INFO] httpx: HTTP Request: POST https://api.telegram.org/bot8882909267:AAFbTb_H_2j8XFn43eUHUWrx6oXpqFZoSwE/sendMessage "HTTP/1.1 200 OK"
2026-07-07 10:14:48,024 [INFO] httpx: HTTP Request: POST https://api.telegram.org/bot8882909267:AAFbTb_H_2j8XFn43eUHUWrx6oXpqFZoSwE/getUpdates "HTTP/1.1 200 OK"
2026-07-07 10:14:58,129 [INFO] httpx: HTTP Request: POST https://api.telegram.org/bot8882909267:AAFbTb_H_2j8XFn43eUHUWrx6oXpqFZoSwE/getUpdates "HTTP/1.1 200 OK"
2026-07-07 10:15:06,168 [INFO] httpx: HTTP Request: POST https://api.telegram.org/bot8882909267:AAFbTb_H_2j8XFn43eUHUWrx6oXpqFZoSwE/getUpdates "HTTP/1.1 200 OK"
2026-07-07 10:15:06,282 [INFO] httpx: HTTP Request: POST https://api.telegram.org/bot8882909267:AAFbTb_H_2j8XFn43eUHUWrx6oXpqFZoSwE/getUpdates "HTTP/1.1 200 OK"
2026-07-07 10:15:06,413 [INFO] httpx: HTTP Request: POST https://api.telegram.org/bot8882909267:AAFbTb_H_2j8XFn43eUHUWrx6oXpqFZoSwE/getUpdates "HTTP/1.1 200 OK"
2026-07-07 10:15:06,508 [INFO] httpx: HTTP Request: POST https://api.telegram.org/bot8882909267:AAFbTb_H_2j8XFn43eUHUWrx6oXpqFZoSwE/getUpdates "HTTP/1.1 200 OK"
2026-07-07 10:15:06,581 [INFO] httpx: HTTP Request: POST https://api.telegram.org/bot8882909267:AAFbTb_H_2j8XFn43eUHUWrx6oXpqFZoSwE/getUpdates "HTTP/1.1 200 OK"
2026-07-07 10:15:06,675 [INFO] httpx: HTTP Request: POST https://api.telegram.org/bot8882909267:AAFbTb_H_2j8XFn43eUHUWrx6oXpqFZoSwE/getUpdates "HTTP/1.1 200 OK"
2026-07-07 10:15:06,866 [INFO] httpx: HTTP Request: POST https://api.telegram.org/bot8882909267:AAFbTb_H_2j8XFn43eUHUWrx6oXpqFZoSwE/getUpdates "HTTP/1.1 200 OK"
2026-07-07 10:15:06,945 [INFO] httpx: HTTP Request: POST https://api.telegram.org/bot8882909267:AAFbTb_H_2j8XFn43eUHUWrx6oXpqFZoSwE/getUpdates "HTTP/1.1 200 OK"
2026-07-07 10:15:07,119 [INFO] httpx: HTTP Request: POST https://api.telegram.org/bot8882909267:AAFbTb_H_2j8XFn43eUHUWrx6oXpqFZoSwE/getUpdates "HTTP/1.1 200 OK"
2026-07-07 10:15:07,236 [INFO] httpx: HTTP Request: POST https://api.telegram.org/bot8882909267:AAFbTb_H_2j8XFn43eUHUWrx6oXpqFZoSwE/getUpdates "HTTP/1.1 200 OK"
2026-07-07 10:15:17,405 [INFO] httpx: HTTP Request: POST https://api.telegram.org/bot8882909267:AAFbTb_H_2j8XFn43eUHUWrx6oXpqFZoSwE/getUpdates "HTTP/1.1 200 OK"
2026-07-07 10:15:27,507 [INFO] httpx: HTTP Request: POST https://api.telegram.org/bot8882909267:AAFbTb_H_2j8XFn43eUHUWrx6oXpqFZoSwE/getUpdates "HTTP/1.1 200 OK"
2026-07-07 10:15:37,639 [INFO] httpx: HTTP Request: POST https://api.telegram.org/bot8882909267:AAFbTb_H_2j8XFn43eUHUWrx6oXpqFZoSwE/getUpdates "HTTP/1.1 200 OK"
2026-07-07 10:15:47,715 [INFO] httpx: HTTP Request: POST https://api.telegram.org/bot8882909267:AAFbTb_H_2j8XFn43eUHUWrx6oXpqFZoSwE/getUpdates "HTTP/1.1 200 OK"
2026-07-07 10:15:57,817 [INFO] httpx: HTTP Request: POST https://api.telegram.org/bot8882909267:AAFbTb_H_2j8XFn43eUHUWrx6oXpqFZoSwE/getUpdates "HTTP/1.1 200 OK"
2026-07-07 10:16:07,919 [INFO] httpx: HTTP Request: POST https://api.telegram.org/bot8882909267:AAFbTb_H_2j8XFn43eUHUWrx6oXpqFZoSwE/getUpdates "HTTP/1.1 200 OK"
2026-07-07 10:16:18,023 [INFO] httpx: HTTP Request: POST https://api.telegram.org/bot8882909267:AAFbTb_H_2j8XFn43eUHUWrx6oXpqFZoSwE/getUpdates "HTTP/1.1 200 OK"
2026-07-07 10:16:28,076 [INFO] httpx: HTTP Request: POST https://api.telegram.org/bot8882909267:AAFbTb_H_2j8XFn43eUHUWrx6oXpqFZoSwE/getUpdates "HTTP/1.1 200 OK"
2026-07-07 10:16:38,229 [INFO] httpx: HTTP Request: POST https://api.telegram.org/bot8882909267:AAFbTb_H_2j8XFn43eUHUWrx6oXpqFZoSwE/getUpdates "HTTP/1.1 200 OK"
2026-07-07 10:16:48,290 [INFO] httpx: HTTP Request: POST https://api.telegram.org/bot8882909267:AAFbTb_H_2j8XFn43eUHUWrx6oXpqFZoSwE/getUpdates "HTTP/1.1 200 OK"
2026-07-07 10:16:58,434 [INFO] httpx: HTTP Request: POST https://api.telegram.org/bot8882909267:AAFbTb_H_2j8XFn43eUHUWrx6oXpqFZoSwE/getUpdates "HTTP/1.1 200 OK"
2026-07-07 10:17:08,536 [INFO] httpx: HTTP Request: POST https://api.telegram.org/bot8882909267:AAFbTb_H_2j8XFn43eUHUWrx6oXpqFZoSwE/getUpdates "HTTP/1.1 200 OK"
2026-07-07 10:17:18,586 [INFO] httpx: HTTP Request: POST https://api.telegram.org/bot8882909267:AAFbTb_H_2j8XFn43eUHUWrx6oXpqFZoSwE/getUpdates "HTTP/1.1 200 OK"
2026-07-07 10:17:28,746 [INFO] httpx: HTTP Request: POST https://api.telegram.org/bot8882909267:AAFbTb_H_2j8XFn43eUHUWrx6oXpqFZoSwE/getUpdates "HTTP/1.1 200 OK"
2026-07-07 10:17:38,847 [INFO] httpx: HTTP Request: POST https://api.telegram.org/bot8882909267:AAFbTb_H_2j8XFn43eUHUWrx6oXpqFZoSwE/getUpdates "HTTP/1.1 200 OK"
2026-07-07 10:17:48,949 [INFO] httpx: HTTP Request: POST https://api.telegram.org/bot8882909267:AAFbTb_H_2j8XFn43eUHUWrx6oXpqFZoSwE/getUpdates "HTTP/1.1 200 OK"
2026-07-07 10:17:59,020 [INFO] httpx: HTTP Request: POST https://api.telegram.org/bot8882909267:AAFbTb_H_2j8XFn43eUHUWrx6oXpqFZoSwE/getUpdates "HTTP/1.1 200 OK"
2026-07-07 10:18:09,155 [INFO] httpx: HTTP Request: POST https://api.telegram.org/bot8882909267:AAFbTb_H_2j8XFn43eUHUWrx6oXpqFZoSwE/getUpdates "HTTP/1.1 200 OK"
2026-07-07 10:18:19,203 [INFO] httpx: HTTP Request: POST https://api.telegram.org/bot8882909267:AAFbTb_H_2j8XFn43eUHUWrx6oXpqFZoSwE/getUpdates "HTTP/1.1 200 OK"
2026-07-07 10:18:29,253 [INFO] httpx: HTTP Request: POST https://api.telegram.org/bot8882909267:AAFbTb_H_2j8XFn43eUHUWrx6oXpqFZoSwE/getUpdates "HTTP/1.1 200 OK"
2026-07-07 10:18:39,301 [INFO] httpx: HTTP Request: POST https://api.telegram.org/bot8882909267:AAFbTb_H_2j8XFn43eUHUWrx6oXpqFZoSwE/getUpdates "HTTP/1.1 200 OK"
2026-07-07 10:18:49,463 [INFO] httpx: HTTP Request: POST https://api.telegram.org/bot8882909267:AAFbTb_H_2j8XFn43eUHUWrx6oXpqFZoSwE/getUpdates "HTTP/1.1 200 OK"
2026-07-07 10:18:59,511 [INFO] httpx: HTTP Request: POST https://api.telegram.org/bot8882909267:AAFbTb_H_2j8XFn43eUHUWrx6oXpqFZoSwE/getUpdates "HTTP/1.1 200 OK"
2026-07-07 10:19:09,588 [INFO] httpx: HTTP Request: POST https://api.telegram.org/bot8882909267:AAFbTb_H_2j8XFn43eUHUWrx6oXpqFZoSwE/getUpdates "HTTP/1.1 200 OK"
2026-07-07 10:19:19,634 [INFO] httpx: HTTP Request: POST https://api.telegram.org/bot8882909267:AAFbTb_H_2j8XFn43eUHUWrx6oXpqFZoSwE/getUpdates "HTTP/1.1 200 OK"
2026-07-07 10:19:29,685 [INFO] httpx: HTTP Request: POST https://api.telegram.org/bot8882909267:AAFbTb_H_2j8XFn43eUHUWrx6oXpqFZoSwE/getUpdates "HTTP/1.1 200 OK"
2026-07-07 10:19:39,744 [INFO] httpx: HTTP Request: POST https://api.telegram.org/bot8882909267:AAFbTb_H_2j8XFn43eUHUWrx6oXpqFZoSwE/getUpdates "HTTP/1.1 200 OK"
2026-07-07 10:19:49,876 [INFO] httpx: HTTP Request: POST https://api.telegram.org/bot8882909267:AAFbTb_H_2j8XFn43eUHUWrx6oXpqFZoSwE/getUpdates "HTTP/1.1 200 OK"
2026-07-07 10:19:59,978 [INFO] httpx: HTTP Request: POST https://api.telegram.org/bot8882909267:AAFbTb_H_2j8XFn43eUHUWrx6oXpqFZoSwE/getUpdates "HTTP/1.1 200 OK"
2026-07-07 10:20:10,081 [INFO] httpx: HTTP Request: POST https://api.telegram.org/bot8882909267:AAFbTb_H_2j8XFn43eUHUWrx6oXpqFZoSwE/getUpdates "HTTP/1.1 200 OK"
2026-07-07 10:20:20,183 [INFO] httpx: HTTP Request: POST https://api.telegram.org/bot8882909267:AAFbTb_H_2j8XFn43eUHUWrx6oXpqFZoSwE/getUpdates "HTTP/1.1 200 OK"
2026-07-07 10:20:30,287 [INFO] httpx: HTTP Request: POST https://api.telegram.org/bot8882909267:AAFbTb_H_2j8XFn43eUHUWrx6oXpqFZoSwE/getUpdates "HTTP/1.1 200 OK"
2026-07-07 10:20:40,362 [INFO] httpx: HTTP Request: POST https://api.telegram.org/bot8882909267:AAFbTb_H_2j8XFn43eUHUWrx6oXpqFZoSwE/getUpdates "HTTP/1.1 200 OK"
2026-07-07 10:20:50,424 [INFO] httpx: HTTP Request: POST https://api.telegram.org/bot8882909267:AAFbTb_H_2j8XFn43eUHUWrx6oXpqFZoSwE/getUpdates "HTTP/1.1 200 OK"
2026-07-07 10:21:00,495 [INFO] httpx: HTTP Request: POST https://api.telegram.org/bot8882909267:AAFbTb_H_2j8XFn43eUHUWrx6oXpqFZoSwE/getUpdates "HTTP/1.1 200 OK"
2026-07-07 10:21:10,837 [INFO] httpx: HTTP Request: POST https://api.telegram.org/bot8882909267:AAFbTb_H_2j8XFn43eUHUWrx6oXpqFZoSwE/getUpdates "HTTP/1.1 200 OK"
2026-07-07 10:21:21,110 [INFO] httpx: HTTP Request: POST https://api.telegram.org/bot8882909267:AAFbTb_H_2j8XFn43eUHUWrx6oXpqFZoSwE/getUpdates "HTTP/1.1 200 OK"
2026-07-07 10:21:31,214 [INFO] httpx: HTTP Request: POST https://api.telegram.org/bot8882909267:AAFbTb_H_2j8XFn43eUHUWrx6oXpqFZoSwE/getUpdates "HTTP/1.1 200 OK"
2026-07-07 10:21:41,316 [INFO] httpx: HTTP Request: POST https://api.telegram.org/bot8882909267:AAFbTb_H_2j8XFn43eUHUWrx6oXpqFZoSwE/getUpdates "HTTP/1.1 200 OK"
2026-07-07 10:21:51,419 [INFO] httpx: HTTP Request: POST https://api.telegram.org/bot8882909267:AAFbTb_H_2j8XFn43eUHUWrx6oXpqFZoSwE/getUpdates "HTTP/1.1 200 OK"
2026-07-07 10:22:01,519 [INFO] httpx: HTTP Request: POST https://api.telegram.org/bot8882909267:AAFbTb_H_2j8XFn43eUHUWrx6oXpqFZoSwE/getUpdates "HTTP/1.1 200 OK"
2026-07-07 10:22:11,626 [INFO] httpx: HTTP Request: POST https://api.telegram.org/bot8882909267:AAFbTb_H_2j8XFn43eUHUWrx6oXpqFZoSwE/getUpdates "HTTP/1.1 200 OK"
2026-07-07 10:22:21,735 [INFO] httpx: HTTP Request: POST https://api.telegram.org/bot8882909267:AAFbTb_H_2j8XFn43eUHUWrx6oXpqFZoSwE/getUpdates "HTTP/1.1 200 OK"
2026-07-07 10:22:31,834 [INFO] httpx: HTTP Request: POST https://api.telegram.org/bot8882909267:AAFbTb_H_2j8XFn43eUHUWrx6oXpqFZoSwE/getUpdates "HTTP/1.1 200 OK"
2026-07-07 10:22:41,934 [INFO] httpx: HTTP Request: POST https://api.telegram.org/bot8882909267:AAFbTb_H_2j8XFn43eUHUWrx6oXpqFZoSwE/getUpdates "HTTP/1.1 200 OK"
2026-07-07 10:22:52,037 [INFO] httpx: HTTP Request: POST https://api.telegram.org/bot8882909267:AAFbTb_H_2j8XFn43eUHUWrx6oXpqFZoSwE/getUpdates "HTTP/1.1 200 OK"
2026-07-07 10:23:02,118 [INFO] httpx: HTTP Request: POST https://api.telegram.org/bot8882909267:AAFbTb_H_2j8XFn43eUHUWrx6oXpqFZoSwE/getUpdates "HTTP/1.1 200 OK"
2026-07-07 10:23:12,171 [INFO] httpx: HTTP Request: POST https://api.telegram.org/bot8882909267:AAFbTb_H_2j8XFn43eUHUWrx6oXpqFZoSwE/getUpdates "HTTP/1.1 200 OK"
2026-07-07 10:23:22,325 [INFO] httpx: HTTP Request: POST https://api.telegram.org/bot8882909267:AAFbTb_H_2j8XFn43eUHUWrx6oXpqFZoSwE/getUpdates "HTTP/1.1 200 OK"
2026-07-07 10:23:32,428 [INFO] httpx: HTTP Request: POST https://api.telegram.org/bot8882909267:AAFbTb_H_2j8XFn43eUHUWrx6oXpqFZoSwE/getUpdates "HTTP/1.1 200 OK"
2026-07-07 10:23:42,560 [INFO] httpx: HTTP Request: POST https://api.telegram.org/bot8882909267:AAFbTb_H_2j8XFn43eUHUWrx6oXpqFZoSwE/getUpdates "HTTP/1.1 200 OK"
2026-07-07 10:23:52,636 [INFO] httpx: HTTP Request: POST https://api.telegram.org/bot8882909267:AAFbTb_H_2j8XFn43eUHUWrx6oXpqFZoSwE/getUpdates "HTTP/1.1 200 OK"
2026-07-07 10:24:02,737 [INFO] httpx: HTTP Request: POST https://api.telegram.org/bot8882909267:AAFbTb_H_2j8XFn43eUHUWrx6oXpqFZoSwE/getUpdates "HTTP/1.1 200 OK"
2026-07-07 10:24:12,838 [INFO] httpx: HTTP Request: POST https://api.telegram.org/bot8882909267:AAFbTb_H_2j8XFn43eUHUWrx6oXpqFZoSwE/getUpdates "HTTP/1.1 200 OK"
2026-07-07 10:24:22,886 [INFO] httpx: HTTP Request: POST https://api.telegram.org/bot8882909267:AAFbTb_H_2j8XFn43eUHUWrx6oXpqFZoSwE/getUpdates "HTTP/1.1 200 OK"
2026-07-07 10:24:32,938 [INFO] httpx: HTTP Request: POST https://api.telegram.org/bot8882909267:AAFbTb_H_2j8XFn43eUHUWrx6oXpqFZoSwE/getUpdates "HTTP/1.1 200 OK"
2026-07-07 10:24:43,045 [INFO] httpx: HTTP Request: POST https://api.telegram.org/bot8882909267:AAFbTb_H_2j8XFn43eUHUWrx6oXpqFZoSwE/getUpdates "HTTP/1.1 200 OK"
2026-07-07 10:24:53,149 [INFO] httpx: HTTP Request: POST https://api.telegram.org/bot8882909267:AAFbTb_H_2j8XFn43eUHUWrx6oXpqFZoSwE/getUpdates "HTTP/1.1 200 OK"
2026-07-07 10:25:03,199 [INFO] httpx: HTTP Request: POST https://api.telegram.org/bot8882909267:AAFbTb_H_2j8XFn43eUHUWrx6oXpqFZoSwE/getUpdates "HTTP/1.1 200 OK"
2026-07-07 10:25:13,355 [INFO] httpx: HTTP Request: POST https://api.telegram.org/bot8882909267:AAFbTb_H_2j8XFn43eUHUWrx6oXpqFZoSwE/getUpdates "HTTP/1.1 200 OK"
2026-07-07 10:25:23,402 [INFO] httpx: HTTP Request: POST https://api.telegram.org/bot8882909267:AAFbTb_H_2j8XFn43eUHUWrx6oXpqFZoSwE/getUpdates "HTTP/1.1 200 OK"
2026-07-07 10:25:33,457 [INFO] httpx: HTTP Request: POST https://api.telegram.org/bot8882909267:AAFbTb_H_2j8XFn43eUHUWrx6oXpqFZoSwE/getUpdates "HTTP/1.1 200 OK"
2026-07-07 10:25:43,560 [INFO] httpx: HTTP Request: POST https://api.telegram.org/bot8882909267:AAFbTb_H_2j8XFn43eUHUWrx6oXpqFZoSwE/getUpdates "HTTP/1.1 200 OK"
2026-07-07 10:25:53,662 [INFO] httpx: HTTP Request: POST https://api.telegram.org/bot8882909267:AAFbTb_H_2j8XFn43eUHUWrx6oXpqFZoSwE/getUpdates "HTTP/1.1 200 OK"
2026-07-07 10:26:03,708 [INFO] httpx: HTTP Request: POST https://api.telegram.org/bot8882909267:AAFbTb_H_2j8XFn43eUHUWrx6oXpqFZoSwE/getUpdates "HTTP/1.1 200 OK"
2026-07-07 10:26:13,761 [INFO] httpx: HTTP Request: POST https://api.telegram.org/bot8882909267:AAFbTb_H_2j8XFn43eUHUWrx6oXpqFZoSwE/getUpdates "HTTP/1.1 200 OK"
2026-07-07 10:26:23,868 [INFO] httpx: HTTP Request: POST https://api.telegram.org/bot8882909267:AAFbTb_H_2j8XFn43eUHUWrx6oXpqFZoSwE/getUpdates "HTTP/1.1 200 OK"
2026-07-07 10:26:33,972 [INFO] httpx: HTTP Request: POST https://api.telegram.org/bot8882909267:AAFbTb_H_2j8XFn43eUHUWrx6oXpqFZoSwE/getUpdates "HTTP/1.1 200 OK"
2026-07-07 10:26:44,029 [INFO] httpx: HTTP Request: POST https://api.telegram.org/bot8882909267:AAFbTb_H_2j8XFn43eUHUWrx6oXpqFZoSwE/getUpdates "HTTP/1.1 200 OK"
2026-07-07 10:26:54,184 [INFO] httpx: HTTP Request: POST https://api.telegram.org/bot8882909267:AAFbTb_H_2j8XFn43eUHUWrx6oXpqFZoSwE/getUpdates "HTTP/1.1 200 OK"
2026-07-07 10:27:04,280 [INFO] httpx: HTTP Request: POST https://api.telegram.org/bot8882909267:AAFbTb_H_2j8XFn43eUHUWrx6oXpqFZoSwE/getUpdates "HTTP/1.1 200 OK"
2026-07-07 10:27:14,344 [INFO] httpx: HTTP Request: POST https://api.telegram.org/bot8882909267:AAFbTb_H_2j8XFn43eUHUWrx6oXpqFZoSwE/getUpdates "HTTP/1.1 200 OK"
2026-07-07 10:27:24,487 [INFO] httpx: HTTP Request: POST https://api.telegram.org/bot8882909267:AAFbTb_H_2j8XFn43eUHUWrx6oXpqFZoSwE/getUpdates "HTTP/1.1 200 OK"
2026-07-07 10:27:34,592 [INFO] httpx: HTTP Request: POST https://api.telegram.org/bot8882909267:AAFbTb_H_2j8XFn43eUHUWrx6oXpqFZoSwE/getUpdates "HTTP/1.1 200 OK"
2026-07-07 10:27:44,692 [INFO] httpx: HTTP Request: POST https://api.telegram.org/bot8882909267:AAFbTb_H_2j8XFn43eUHUWrx6oXpqFZoSwE/getUpdates "HTTP/1.1 200 OK"
2026-07-07 10:27:54,795 [INFO] httpx: HTTP Request: POST https://api.telegram.org/bot8882909267:AAFbTb_H_2j8XFn43eUHUWrx6oXpqFZoSwE/getUpdates "HTTP/1.1 200 OK"
2026-07-07 10:28:04,897 [INFO] httpx: HTTP Request: POST https://api.telegram.org/bot8882909267:AAFbTb_H_2j8XFn43eUHUWrx6oXpqFZoSwE/getUpdates "HTTP/1.1 200 OK"
2026-07-07 10:28:15,000 [INFO] httpx: HTTP Request: POST https://api.telegram.org/bot8882909267:AAFbTb_H_2j8XFn43eUHUWrx6oXpqFZoSwE/getUpdates "HTTP/1.1 200 OK"
2026-07-07 10:28:25,104 [INFO] httpx: HTTP Request: POST https://api.telegram.org/bot8882909267:AAFbTb_H_2j8XFn43eUHUWrx6oXpqFZoSwE/getUpdates "HTTP/1.1 200 OK"
2026-07-07 10:28:35,206 [INFO] httpx: HTTP Request: POST https://api.telegram.org/bot8882909267:AAFbTb_H_2j8XFn43eUHUWrx6oXpqFZoSwE/getUpdates "HTTP/1.1 200 OK"
2026-07-07 10:28:45,261 [INFO] httpx: HTTP Request: POST https://api.telegram.org/bot8882909267:AAFbTb_H_2j8XFn43eUHUWrx6oXpqFZoSwE/getUpdates "HTTP/1.1 200 OK"
2026-07-07 10:28:55,308 [INFO] httpx: HTTP Request: POST https://api.telegram.org/bot8882909267:AAFbTb_H_2j8XFn43eUHUWrx6oXpqFZoSwE/getUpdates "HTTP/1.1 200 OK"
2026-07-07 10:29:05,361 [INFO] httpx: HTTP Request: POST https://api.telegram.org/bot8882909267:AAFbTb_H_2j8XFn43eUHUWrx6oXpqFZoSwE/getUpdates "HTTP/1.1 200 OK"
2026-07-07 10:29:15,521 [INFO] httpx: HTTP Request: POST https://api.telegram.org/bot8882909267:AAFbTb_H_2j8XFn43eUHUWrx6oXpqFZoSwE/getUpdates "HTTP/1.1 200 OK"
2026-07-07 10:29:25,618 [INFO] httpx: HTTP Request: POST https://api.telegram.org/bot8882909267:AAFbTb_H_2j8XFn43eUHUWrx6oXpqFZoSwE/getUpdates "HTTP/1.1 200 OK"
2026-07-07 10:29:35,721 [INFO] httpx: HTTP Request: POST https://api.telegram.org/bot8882909267:AAFbTb_H_2j8XFn43eUHUWrx6oXpqFZoSwE/getUpdates "HTTP/1.1 200 OK"
2026-07-07 10:29:45,824 [INFO] httpx: HTTP Request: POST https://api.telegram.org/bot8882909267:AAFbTb_H_2j8XFn43eUHUWrx6oXpqFZoSwE/getUpdates "HTTP/1.1 200 OK"
2026-07-07 10:29:55,927 [INFO] httpx: HTTP Request: POST https://api.telegram.org/bot8882909267:AAFbTb_H_2j8XFn43eUHUWrx6oXpqFZoSwE/getUpdates "HTTP/1.1 200 OK"
2026-07-07 10:30:06,029 [INFO] httpx: HTTP Request: POST https://api.telegram.org/bot8882909267:AAFbTb_H_2j8XFn43eUHUWrx6oXpqFZoSwE/getUpdates "HTTP/1.1 200 OK"
2026-07-07 10:30:16,085 [INFO] httpx: HTTP Request: POST https://api.telegram.org/bot8882909267:AAFbTb_H_2j8XFn43eUHUWrx6oXpqFZoSwE/getUpdates "HTTP/1.1 200 OK"
2026-07-07 10:30:26,235 [INFO] httpx: HTTP Request: POST https://api.telegram.org/bot8882909267:AAFbTb_H_2j8XFn43eUHUWrx6oXpqFZoSwE/getUpdates "HTTP/1.1 200 OK"
2026-07-07 10:30:36,344 [INFO] httpx: HTTP Request: POST https://api.telegram.org/bot8882909267:AAFbTb_H_2j8XFn43eUHUWrx6oXpqFZoSwE/getUpdates "HTTP/1.1 200 OK"
2026-07-07 10:30:46,446 [INFO] httpx: HTTP Request: POST https://api.telegram.org/bot8882909267:AAFbTb_H_2j8XFn43eUHUWrx6oXpqFZoSwE/getUpdates "HTTP/1.1 200 OK"
2026-07-07 10:30:56,511 [INFO] httpx: HTTP Request: POST https://api.telegram.org/bot8882909267:AAFbTb_H_2j8XFn43eUHUWrx6oXpqFZoSwE/getUpdates "HTTP/1.1 200 OK"
2026-07-07 10:31:06,704 [INFO] httpx: HTTP Request: POST https://api.telegram.org/bot8882909267:AAFbTb_H_2j8XFn43eUHUWrx6oXpqFZoSwE/getUpdates "HTTP/1.1 200 OK"
2026-07-07 10:31:16,853 [INFO] httpx: HTTP Request: POST https://api.telegram.org/bot8882909267:AAFbTb_H_2j8XFn43eUHUWrx6oXpqFZoSwE/getUpdates "HTTP/1.1 200 OK"
2026-07-07 10:31:26,956 [INFO] httpx: HTTP Request: POST https://api.telegram.org/bot8882909267:AAFbTb_H_2j8XFn43eUHUWrx6oXpqFZoSwE/getUpdates "HTTP/1.1 200 OK"
2026-07-07 10:31:37,059 [INFO] httpx: HTTP Request: POST https://api.telegram.org/bot8882909267:AAFbTb_H_2j8XFn43eUHUWrx6oXpqFZoSwE/getUpdates "HTTP/1.1 200 OK"
2026-07-07 10:31:47,162 [INFO] httpx: HTTP Request: POST https://api.telegram.org/bot8882909267:AAFbTb_H_2j8XFn43eUHUWrx6oXpqFZoSwE/getUpdates "HTTP/1.1 200 OK"
2026-07-07 10:31:57,268 [INFO] httpx: HTTP Request: POST https://api.telegram.org/bot8882909267:AAFbTb_H_2j8XFn43eUHUWrx6oXpqFZoSwE/getUpdates "HTTP/1.1 200 OK"
2026-07-07 10:32:07,368 [INFO] httpx: HTTP Request: POST https://api.telegram.org/bot8882909267:AAFbTb_H_2j8XFn43eUHUWrx6oXpqFZoSwE/getUpdates "HTTP/1.1 200 OK"
2026-07-07 10:32:17,470 [INFO] httpx: HTTP Request: POST https://api.telegram.org/bot8882909267:AAFbTb_H_2j8XFn43eUHUWrx6oXpqFZoSwE/getUpdates "HTTP/1.1 200 OK"
2026-07-07 10:32:27,519 [INFO] httpx: HTTP Request: POST https://api.telegram.org/bot8882909267:AAFbTb_H_2j8XFn43eUHUWrx6oXpqFZoSwE/getUpdates "HTTP/1.1 200 OK"
2026-07-07 10:32:37,679 [INFO] httpx: HTTP Request: POST https://api.telegram.org/bot8882909267:AAFbTb_H_2j8XFn43eUHUWrx6oXpqFZoSwE/getUpdates "HTTP/1.1 200 OK"
2026-07-07 10:32:47,727 [INFO] httpx: HTTP Request: POST https://api.telegram.org/bot8882909267:AAFbTb_H_2j8XFn43eUHUWrx6oXpqFZoSwE/getUpdates "HTTP/1.1 200 OK"
2026-07-07 10:32:57,882 [INFO] httpx: HTTP Request: POST https://api.telegram.org/bot8882909267:AAFbTb_H_2j8XFn43eUHUWrx6oXpqFZoSwE/getUpdates "HTTP/1.1 200 OK"
2026-07-07 10:33:07,985 [INFO] httpx: HTTP Request: POST https://api.telegram.org/bot8882909267:AAFbTb_H_2j8XFn43eUHUWrx6oXpqFZoSwE/getUpdates "HTTP/1.1 200 OK"
2026-07-07 10:33:18,036 [INFO] httpx: HTTP Request: POST https://api.telegram.org/bot8882909267:AAFbTb_H_2j8XFn43eUHUWrx6oXpqFZoSwE/getUpdates "HTTP/1.1 200 OK"
2026-07-07 10:33:28,191 [INFO] httpx: HTTP Request: POST https://api.telegram.org/bot8882909267:AAFbTb_H_2j8XFn43eUHUWrx6oXpqFZoSwE/getUpdates "HTTP/1.1 200 OK"
2026-07-07 10:33:38,294 [INFO] httpx: HTTP Request: POST https://api.telegram.org/bot8882909267:AAFbTb_H_2j8XFn43eUHUWrx6oXpqFZoSwE/getUpdates "HTTP/1.1 200 OK"
2026-07-07 10:33:48,345 [INFO] httpx: HTTP Request: POST https://api.telegram.org/bot8882909267:AAFbTb_H_2j8XFn43eUHUWrx6oXpqFZoSwE/getUpdates "HTTP/1.1 200 OK"
2026-07-07 10:33:58,500 [INFO] httpx: HTTP Request: POST https://api.telegram.org/bot8882909267:AAFbTb_H_2j8XFn43eUHUWrx6oXpqFZoSwE/getUpdates "HTTP/1.1 200 OK"
2026-07-07 10:34:08,603 [INFO] httpx: HTTP Request: POST https://api.telegram.org/bot8882909267:AAFbTb_H_2j8XFn43eUHUWrx6oXpqFZoSwE/getUpdates "HTTP/1.1 200 OK"
2026-07-07 10:34:18,706 [INFO] httpx: HTTP Request: POST https://api.telegram.org/bot8882909267:AAFbTb_H_2j8XFn43eUHUWrx6oXpqFZoSwE/getUpdates "HTTP/1.1 200 OK"
2026-07-07 10:34:28,810 [INFO] httpx: HTTP Request: POST https://api.telegram.org/bot8882909267:AAFbTb_H_2j8XFn43eUHUWrx6oXpqFZoSwE/getUpdates "HTTP/1.1 200 OK"
2026-07-07 10:34:38,884 [INFO] httpx: HTTP Request: POST https://api.telegram.org/bot8882909267:AAFbTb_H_2j8XFn43eUHUWrx6oXpqFZoSwE/getUpdates "HTTP/1.1 200 OK"
2026-07-07 10:34:48,934 [INFO] httpx: HTTP Request: POST https://api.telegram.org/bot8882909267:AAFbTb_H_2j8XFn43eUHUWrx6oXpqFZoSwE/getUpdates "HTTP/1.1 200 OK"
2026-07-07 10:34:59,017 [INFO] httpx: HTTP Request: POST https://api.telegram.org/bot8882909267:AAFbTb_H_2j8XFn43eUHUWrx6oXpqFZoSwE/getUpdates "HTTP/1.1 200 OK"
2026-07-07 10:35:09,220 [INFO] httpx: HTTP Request: POST https://api.telegram.org/bot8882909267:AAFbTb_H_2j8XFn43eUHUWrx6oXpqFZoSwE/getUpdates "HTTP/1.1 200 OK"
2026-07-07 10:35:19,323 [INFO] httpx: HTTP Request: POST https://api.telegram.org/bot8882909267:AAFbTb_H_2j8XFn43eUHUWrx6oXpqFZoSwE/getUpdates "HTTP/1.1 200 OK"
2026-07-07 10:35:29,375 [INFO] httpx: HTTP Request: POST https://api.telegram.org/bot8882909267:AAFbTb_H_2j8XFn43eUHUWrx6oXpqFZoSwE/getUpdates "HTTP/1.1 200 OK"
2026-07-07 10:35:40,053 [INFO] httpx: HTTP Request: POST https://api.telegram.org/bot8882909267:AAFbTb_H_2j8XFn43eUHUWrx6oXpqFZoSwE/getUpdates "HTTP/1.1 200 OK"
2026-07-07 10:35:50,104 [INFO] httpx: HTTP Request: POST https://api.telegram.org/bot8882909267:AAFbTb_H_2j8XFn43eUHUWrx6oXpqFZoSwE/getUpdates "HTTP/1.1 200 OK"
2026-07-07 10:36:01,061 [INFO] httpx: HTTP Request: POST https://api.telegram.org/bot8882909267:AAFbTb_H_2j8XFn43eUHUWrx6oXpqFZoSwE/getUpdates "HTTP/1.1 200 OK"
2026-07-07 10:36:11,178 [INFO] httpx: HTTP Request: POST https://api.telegram.org/bot8882909267:AAFbTb_H_2j8XFn43eUHUWrx6oXpqFZoSwE/getUpdates "HTTP/1.1 200 OK"
2026-07-07 10:36:21,383 [INFO] httpx: HTTP Request: POST https://api.telegram.org/bot8882909267:AAFbTb_H_2j8XFn43eUHUWrx6oXpqFZoSwE/getUpdates "HTTP/1.1 200 OK"
2026-07-07 10:36:31,591 [INFO] httpx: HTTP Request: POST https://api.telegram.org/bot8882909267:AAFbTb_H_2j8XFn43eUHUWrx6oXpqFZoSwE/getUpdates "HTTP/1.1 200 OK"
2026-07-07 10:36:41,700 [INFO] httpx: HTTP Request: POST https://api.telegram.org/bot8882909267:AAFbTb_H_2j8XFn43eUHUWrx6oXpqFZoSwE/getUpdates "HTTP/1.1 200 OK"
2026-07-07 10:36:51,796 [INFO] httpx: HTTP Request: POST https://api.telegram.org/bot8882909267:AAFbTb_H_2j8XFn43eUHUWrx6oXpqFZoSwE/getUpdates "HTTP/1.1 200 OK"
2026-07-07 10:37:01,900 [INFO] httpx: HTTP Request: POST https://api.telegram.org/bot8882909267:AAFbTb_H_2j8XFn43eUHUWrx6oXpqFZoSwE/getUpdates "HTTP/1.1 200 OK"
2026-07-07 10:37:12,003 [INFO] httpx: HTTP Request: POST https://api.telegram.org/bot8882909267:AAFbTb_H_2j8XFn43eUHUWrx6oXpqFZoSwE/getUpdates "HTTP/1.1 200 OK"
2026-07-07 10:37:22,058 [INFO] httpx: HTTP Request: POST https://api.telegram.org/bot8882909267:AAFbTb_H_2j8XFn43eUHUWrx6oXpqFZoSwE/getUpdates "HTTP/1.1 200 OK"
2026-07-07 10:37:32,127 [INFO] httpx: HTTP Request: POST https://api.telegram.org/bot8882909267:AAFbTb_H_2j8XFn43eUHUWrx6oXpqFZoSwE/getUpdates "HTTP/1.1 200 OK"
2026-07-07 10:37:42,415 [INFO] httpx: HTTP Request: POST https://api.telegram.org/bot8882909267:AAFbTb_H_2j8XFn43eUHUWrx6oXpqFZoSwE/getUpdates "HTTP/1.1 200 OK"
